The_Singles_Collection_(David_Bowie_album)	[other-google David_Bowie_discography other-empty other-wikipedia Peace_on_Earth/Little_Drummer_Boy Early_On_(1964â€“1966) other-bing Cat_People_(Putting_Out_Fire) John,_I'm_Only_Dancing Absolute_Beginners_(David_Bowie_song) "Heroes"_(David_Bowie_song) Nothing_Has_Changed_(album)]	[478 345 77 46 30 28 14 14 13 11 10 10]	[Rarest_One_Bowie David_Bowie Rock_music]	[19 15 13]
After_All_(David_Bowie_song)	[other-google The_Man_Who_Sold_the_World_(album) Black_Country_Rock Strange_Little_Girls other-empty]	[84 77 21 18 14]	[The_Man_Who_Sold_the_World_(album)]	[38]
Suffragette_City	[Stay_(David_Bowie_song) David_Bowie_discography]	[79 76]	[David_Bowie Stay_(David_Bowie_song)]	[64 33]
Little_Richard	[David_Bowie]	[44]	[David_Bowie]	[10]
Tony_Visconti	["Heroes"_(David_Bowie_song) David_Bowie Low_(David_Bowie_album) Ashes_to_Ashes_(David_Bowie_song) David_Bowie_(1969_album) Let's_Dance_(David_Bowie_album) Reality_(David_Bowie_album)]	[110 108 88 40 36 21 11]	[David_Bowie David_Bowie_(1969_album) Low_(David_Bowie_album) Reality_(David_Bowie_album)]	[84 68 30 10]
Robert_Fripp	["Heroes"_(David_Bowie_song) David_Bowie Fashion_(David_Bowie_song)]	[71 65 24]	[David_Bowie]	[61]
Ziggy_Stardust_Tour	[David_Bowie List_of_David_Bowie_concert_tours David_Bowie_discography]	[178 124 10]	[David_Bowie]	[23]
Space_Oddity_(song)	[David_Bowie David_Bowie_(1969_album) David_Bowie_discography Ashes_to_Ashes_(David_Bowie_song) David_Bowie_(1967_album) Fame_(David_Bowie_song)]	[1120 603 306 49 28 10]	[David_Bowie_(1969_album) David_Bowie Ashes_to_Ashes_(David_Bowie_song) Changes_(David_Bowie_song)]	[1014 576 164 23]
David_Bowie	[other-google other-empty other-wikipedia Iman_(model) Main_Page other-bing other-other other-yahoo The_Prestige_(film) Duncan_Jones Labyrinth_(film) Ziggy_Stardust The_Rise_and_Fall_of_Ziggy_Stardust_and_the_Spiders_from_Mars Space_Oddity_(song) Low_(David_Bowie_album) "Heroes"_(David_Bowie_song) Brian_Eno Station_to_Station Under_Pressure Glam_rock Queen_(band) "Heroes" Eric_Clapton List_of_people_with_heterochromia Bowie David_Bowie_discography The_Thin_White_Duke The_Next_Day Lady_Gaga Diamond_Dogs Hunky_Dory David_Bowie_(1969_album) Aladdin_Sane Angela_Bowie Life_on_Mars_(song) Let's_Dance_(David_Bowie_album) Iggy_Pop Mick_Jagger The_Man_Who_Sold_the_World 1001_Albums_You_Must_Hear_Before_You_Die The_Man_Who_Fell_to_Earth_(film) Major_Tom 100_Greatest_Britons Boy_George Cher Freddie_Mercury Merry_Christmas,_Mr._Lawrence Eye_color Nothing_Has_Changed_(album) Young_Americans_(album) David_Bowie_(1967_album) other-twitter Scary_Monsters_(And_Super_Creeps) Susan_Sarandon Lodger_(album) And_We_Danced_(Macklemore_song) The_Man_Who_Sold_the_World_(album) Moonage_Daydream Mark_Strong Changes_(David_Bowie_song) Twin_Peaks:_Fire_Walk_with_Me Bing_Crosby Rolling_Stone's_500_Greatest_Albums_of_All_Time The_Hunger_(1983_film) The_Last_Temptation_of_Christ_(film) Heroes_(We_Could_Be) Zoolander Let's_Dance_(David_Bowie_song) Mullet_(haircut) Ashes_to_Ashes_(David_Bowie_song) Arthur_and_the_Invisibles Mick_Ronson Fame_(David_Bowie_song) Outside_(David_Bowie_album) Basquiat_(film) Ziggy_Stardust_and_the_Spiders_from_Mars_(film) Rebel_Rebel Frank_Ocean Starman_(song) The_Idiot_(album) Lou_Reed Declining_a_British_honour List_of_recluses 2014_Brit_Awards Hannibal_(TV_series) Slash_(musician) All_the_Young_Dudes Peter_Frampton John_Lennon Alter_ego Pin_Ups_(album) List_of_Rock_and_Roll_Hall_of_Fame_inductees China_Girl_(song) Tin_Machine Marc_Bolan Gia_Carangi Stefon Golden_Years_(song) Ziggy_Stardust_(song) Mott_the_Hoople List_of_baritones_in_non-classical_music Dancing_in_the_Street Earthling_(album) Beck Bisexuality Guardians_of_the_Galaxy_(soundtrack) List_of_American_Muslims Tron:_Legacy Tony_Visconti Syd_Barrett Tonight_(David_Bowie_album) Lust_for_Life_(album) I'm_Afraid_of_Americans The_Lord_of_the_Rings:_The_Fellowship_of_the_Ring Jareth Heathen_(album) Andy_Warhol Black_Tie_White_Noise Nile_Rodgers Bob_Dylan Dave_Grohl Velvet_Goldmine David_Bowe Roxy_Music Phil_Collins Pet_Shop_Boys Giorgio_Moroder Omikron:_The_Nomad_Soul Bebe_Buell List_of_Twin_Peaks_characters Tin_Machine_(album) SpongeBob's_Atlantis_SquarePantis Transformer_(album) The_Elephant_Man_(play) Best_of_Bowie Stevie_Ray_Vaughan Nine_Inch_Nails NME's_The_500_Greatest_Albums_of_All_Time Ice_Ice_Baby The_Perks_of_Being_a_Wallflower_(film) Suffragette_City Luther_Vandross Reality_(David_Bowie_album) List_of_glam_rock_artists Modern_Love_(song) List_of_redheads The_Factory Robert_Fripp Ziggy_Stardust:_The_Motion_Picture List_of_teetotalers Eyepatch LGBT_stereotypes Raw_Power Wiki Art_rock Never_Let_Me_Down James_Bowie Florian_Schneider Steve_Strange Dani_California Elton_John Jacques_Brel Annie_Lennox Gary_Glitter Klaus_Nomi Bandslam Absolute_Beginners_(David_Bowie_song) The_Jean_Genie Pink_Floyd David_Bowie Lucifer_(DC_Comics) Paul_McCartney List_of_bisexual_people_(Aâ€“F) 'Hours...' Christiane_F._â€“_We_Children_from_Bahnhof_Zoo Joe_Elliott Young_Americans_(song) David_Robert_Jones Hedwig_and_the_Angry_Inch_(musical) Labyrinth_(David_Bowie_album) Reflektor_(song) Arcade_Fire Cat_People_(Putting_Out_Fire) David_Bowie_(disambiguation) The_Freddie_Mercury_Tribute_Concert Absolute_Beginners_(film) TV_on_the_Radio List_of_1960s_musical_artists The_Laughing_Gnome Kele_Okereke Liza_Jane_(David_Bowie_song) David_Gilmour Tom_Odell Al_Jolson Creedence_Clearwater_Revival Gary_Oldman Rick_Wakeman List_of_gay,_lesbian_or_bisexual_people:_Biâ€“Bz The_Spiders_from_Mars Androgyny Lana_Del_Rey Walk_on_the_Wild_Side_(Lou_Reed_song) other-facebook Adrian_Belew Trent_Reznor The_Passenger_(song) Perfect_Day_(Lou_Reed_song) Into_the_Night_(film) Glastonbury_Festival David Tax_exile Tilda_Swinton Batman_(1989_film) List_of_David_Bowie_concert_tours The_Stooges Protopunk Brixton Sue_(Or_in_a_Season_of_Crime) Chris_Hadfield Tom_Hulce Peace_on_Earth/Little_Drummer_Boy Depeche_Mode Wikipedia Valentine's_Day_(David_Bowie_song) Gail_Ann_Dorsey BrÃ¼tal_Legend Moby Mechanical_Animals American_Horror_Story:_Freak_Show Blow_Your_Pants_Off Grand_Theft_Auto:_San_Andreas_soundtrack Five_Years Persona MTV_Unplugged_in_New_York Where_Are_We_Now? Wild_Is_the_Wind_(song) Neil_Young Max_Zorin I_Feel_Love Music_of_Scotland Krautrock Lenny_Kravitz Rita_Ora Mike_Score Rock_'n'_Roll_Suicide Live_Aid British_rock John,_I'm_Only_Dancing Rock_music Queen_Bitch Madonna_(entertainer) Nature_Boy You're_So_Vain Vince_Taylor Sid_Vicious David_Live Adam_Lambert Bryan_Ferry Fashion_(David_Bowie_song) The_Stars_(Are_Out_Tonight) This_Is_Not_America Davy_Jones Reeves_Gabrels 1984_(song) Blue_Jean Billy_Idol Kraftwerk List_of_Fringe_characters Talking_Heads The_Midnight_Special_(TV_series) The_Who The_Velvet_Underground Lust_for_Life_(song) Just_a_Gigolo_(1978_film) Hugh_Jackman T._Rex_(band) Ravensbourne_(college) Angie_(song) Connect_Four Alexander_McQueen The_Rolling_Stones The_Breakfast_Club Irish_migration_to_Great_Britain List_of_Brit_Awards_ceremonies List_of_converts_to_Buddhism August_(2008_film) Stage_(David_Bowie_album) Seu_Jorge Rock_and_Roll_Hall_of_Fame Andy_Warhol_(song) 1980s_in_music Carlos_Alomar Joseph_Merrick Ziggy_Stardust_Tour Poison_(American_band) Sound_and_Vision Punk_rock Oasis_(band) Rob_Halford Hot_Space Shokan,_New_York Marlene_Dietrich Paul_Williams_(songwriter) Bowie_at_the_Beeb Like_a_Virgin Hallo_Spaceboy Wes_Anderson Yellowbeard Reflektor Louis_Vuitton Grace_Jones List_of_saxophonists Dave_Matthews_Band Christian_Bale Nikola_Tesla_in_popular_culture Mike_Garson Earl_Slick Grammy_Lifetime_Achievement_Award Glass_Spider_Tour TVC_15 The_Buddha_of_Suburbia_(soundtrack) The_Runaways_(film) The_Platinum_Collection_(David_Bowie_album) Joey_Ramone Kate_Bush List_of_blue-eyed_soul_artists List_of_stars_on_the_Hollywood_Walk_of_Fame A_Reality_Tour_(album) United_Kingdom New_Romanticism Cat_People_(1982_film) Alice_Cooper A_Reality_Tour The_Bewlay_Brothers Toy_(David_Bowie_album) Robert_Smith_(musician) Pina_Bausch Peter_Gabriel Cyrinda_Foxe Ziggy Marilyn_(singer) New_wave_music Homestar_Runner David_Baddiel Trevor_Bolder Marion_Cotillard Oh!_You_Pretty_Things Rock_Against_Racism List_of_British_actors_and_actresses LGBT_music Gothic_fashion TV_Eye_Live_1977 Sting_(musician) Marilyn_Manson_(band) Sorrow_(The_McCoys_song) Lake_Geneva Funk Let's_Spend_the_Night_Together Joy_Division List_of_autodidacts Deaths_in_2015 Davy_Crockett 21_Guns_(song) David_Jones Daft_Punk Disco The_Cure The_Next_Day_(song) Charli_XCX Constance_Marie Band_Aid_(band) Cut-up_technique EMP_Museum Irish_diaspora Knock_on_Wood_(song) Lajon_Witherspoon Kurt_Cobain The_Waters_of_Mars Justin_Timberlake 52nd_Street_(album) Boys_Keep_Swinging The_Hunger_(TV_series) Tina_Turner Postmodern_music Major_Tom_(Coming_Home) Morrissey Magic_Dance Overgrown Life_on_Mars_(UK_TV_series) I_Pity_the_Fool Jump_They_Say Led_Zeppelin Station_to_Station_(song) You've_Got_a_Habit_of_Leaving Volare_(song) The_World_of_David_Bowie Rod_Stewart Pixies Siouxsie_Sioux Garbage_(band) List_of_songs_featured_in_Shrek 1970s_in_music Aladdin_Sane_(song) Bromley Velvet_Goldmine_(song) MTV Neu! A_Reality_Tour_(film) David_Sylvian Brandon_Flowers Changesbowie Kingsman:_The_Secret_Service It's_Hard_to_Be_a_Saint_in_the_City Frank_Zappa Trilogy The_Tower_House Sound_+_Vision_(box_set) PJ_Harvey Love_Is_Lost Prince_(musician) Just_for_One_Day_(Heroes) Jean-Michel_Basquiat A_View_to_a_Kill The_Singles_Collection_(David_Bowie_album) SpongeBob_SquarePants Pan's_Labyrinth Nolita Progeria Philip_Glass Diamond_Dogs_(song) All_the_Young_Dudes_(album) Balthus Blah_Blah_Blah_(Iggy_Pop_album) List_of_songs_recorded_by_One_Direction Grammy_Award_for_Album_of_the_Year Inglourious_Basterds_(soundtrack) Ian_Hunter_(singer) Tin_Machine_II The_Life_Aquatic_with_Steve_Zissou Time_(David_Bowie_song) Peter_Noone Rocket_Man_(song) Plastic_soul Mick_Rock Hurt_(Nine_Inch_Nails_song) Kate_Moss List_of_UK_Singles_Chart_number_ones_of_the_1980s Bob_Marley Arthur_and_the_Revenge_of_Maltazard We_Are_Scientists Pete_Townshend On_an_Island Serious_Moonlight_Tour Music_of_the_United_Kingdom_(1970s) other-internal David_(name) Changesonebowie 1947 Al_B._Sure! King_Crimson List_of_Saturday_Night_Live_episodes List_of_SpongeBob_SquarePants_guest_stars The_Beatles Queen_discography Love_You_till_Tuesday_(film) Floria_Sigismondi Kooks_(song) Bruce_Springsteen Be_My_Wife Blue-eyed_soul Boston_(band) Aynsley_Dunbar Pop_icon Search_and_Destroy_(The_Stooges_song) Placebo_(band) New_Killer_Star Nightclubbing_(song) Baal_(EP) Death_of_John_Lennon Gunslinger's_Revenge Inglourious_Basterds January_8 Stevie_Wonder Underground_(David_Bowie_song) Ricky_Gervais Satellite_of_Love John_Frusciante Elvis_Presley George_Underwood_(artist) Cane_Hill_Hospital V-2_Schneider Warszawa_(song) The_Best_of_David_Bowie_1980/1987 The_Clash Sona_Mohapatra Marianne_Faithfull New_Order New_York_Dolls All_Saints_(David_Bowie_album) Bee_Gees Bowie_(surname) List_of_people_with_surname_Jones List_of_best-selling_music_artists Lady_Grinning_Soul Labyrinth Thin_Lizzy Thursday's_Child_(David_Bowie_song) The_Life_Aquatic_Studio_Sessions White_Light/White_Heat_(song) The_Linguini_Incident Lost_Highway_(soundtrack) Right_Said_Fred Space_rock Scarlett_Johansson Joan_Jett List_of_The_Venture_Bros._characters List_of_Teenage_Mutant_Ninja_Turtles_(2012_TV_series)_episodes List_of_people_from_Woodstock,_New_York Bill_Kaulitz Beckenham Coldplay Cygnet_Committee The_Prettiest_Star The_Prestige Synthpop SinÃ©ad_O'Connor The_Concert_for_New_York_City Live_Santa_Monica_'72 Nat_Tate:_An_American_Artist_1928â€“1960 Quantic_Dream Radiohead Runaway_(2010_film) Bisexual_chic David_Bowie_(box_set) Andreja_PejiÄ‡ Aleister_Crowley David_Guetta Alabama_Song List_of_artists_who_reached_number_one_in_the_United_States Heterochromia_iridum Joe_Meek Iman Jeff_Beck Steve_Jones_(musician) Stevie_Ray_Vaughan_discography Trainspotting_(soundtrack) While_I'm_Dead_Feed_the_Dog The_Venture_Bros. Spacehog Song_for_Bob_Dylan Stage_name Keith_Richards I_Wanna_Be_Your_Dog Hurricane_Festival Heathen_Tour Einzelhaft List_of_films_set_in_Singapore Little_Richard 1973_in_music Def_Leppard Anywhere_I_Lay_My_Head Bandslam_(soundtrack) Dave_Matthews_Band_discography Biggest_selling_British_acts_of_all_time Arnold_Layne The_Hearts_Filthy_Lesson Watchmen_(film) Tonight_(Iggy_Pop_song) Suede_(band) Sound+Vision_Tour Milk_(film) Sex_Pistols Sally_Can't_Dance Psychedelic_rock Miguel_(singer) Nico My_Chemical_Romance Cracked_Actor Chris_Martin E_Street_Band 87th_Academy_Awards Alan_Wake 2012_Summer_Olympics_closing_ceremony Amanda_Lear Arcade_Fire_discography List_of_songs_in_Guitar_Hero Liberty_spikes List_of_SpongeBob_SquarePants_episodes]	[72043 9352 7262 3485 3240 2656 2630 2071 1486 1184 1023 985 846 576 548 497 450 429 407 399 398 388 388 382 376 354 339 337 333 326 314 304 302 297 296 284 283 280 269 267 256 247 245 234 231 230 227 224 217 207 206 205 204 201 200 193 188 187 175 173 164 164 161 161 154 152 147 147 141 139 138 133 133 130 128 128 127 122 121 119 118 118 116 112 112 111 111 105 105 105 104 104 103 102 100 99 98 98 97 95 95 95 95 93 93 93 88 86 84 82 81 81 81 80 79 79 79 79 78 76 76 75 74 73 73 73 73 72 72 72 71 71 70 70 69 68 67 67 66 66 64 64 64 64 63 62 61 61 60 60 59 58 57 56 55 53 53 52 51 51 50 50 50 50 49 48 48 48 48 48 47 47 46 46 46 45 45 45 43 42 42 42 42 42 41 41 39 39 38 38 38 38 38 38 38 38 37 37 37 37 37 36 36 36 35 35 35 35 35 34 34 34 34 34 33 33 33 33 33 32 32 32 32 31 31 31 31 31 31 31 31 31 30 30 30 30 30 30 30 29 29 29 29 29 29 29 29 29 28 28 28 27 27 27 27 27 27 27 27 26 26 26 26 26 26 26 26 26 25 25 25 25 25 25 25 25 25 25 25 25 24 24 24 24 24 24 24 24 24 24 24 24 24 23 23 23 23 23 23 23 23 23 23 23 23 23 22 22 22 22 22 22 22 22 22 22 22 22 22 21 21 21 21 21 21 21 21 21 21 21 21 21 21 20 20 20 20 20 20 19 19 19 19 19 19 19 19 19 19 19 19 18 18 18 18 18 18 18 18 18 18 18 18 18 18 18 18 18 18 18 18 18 18 18 18 18 18 17 17 17 17 17 17 17 17 17 17 17 17 17 17 17 16 16 16 16 16 16 16 16 16 16 16 16 16 16 16 16 16 16 16 16 16 16 15 15 15 15 15 15 15 15 15 15 15 15 15 15 15 15 15 15 15 15 15 15 15 14 14 14 14 14 14 14 14 14 14 14 14 14 14 14 14 14 14 14 14 14 14 14 14 14 13 13 13 13 13 13 13 13 13 13 13 13 13 13 13 13 13 13 13 13 12 12 12 12 12 12 12 12 12 12 12 12 12 12 12 12 12 12 12 12 12 12 12 11 11 11 11 11 11 11 11 11 11 11 11 11 11 11 11 11 11 11 11 11 11 11 11 11 11 11 11 11 11 11 11 11 11 11 11 11 11 10 10 10 10 10 10 10 10 10 10 10 10 10 10 10 10 10 10 10 10 10 10 10 10 10 10 10 10 10 10 10 10 10 10 10 10 10 10 10 10 10 10 10 10 10]	[Iman_(model) David_Bowie_discography Duncan_Jones Angela_Bowie The_Rise_and_Fall_of_Ziggy_Stardust_and_the_Spiders_from_Mars The_Next_Day Androgyny David_Bowie_(1967_album) David_Bowie_(1969_album) "Heroes" The_Man_Who_Sold_the_World_(album) Hunky_Dory Low_(David_Bowie_album) Young_Americans_(album) Let's_Dance_(David_Bowie_album) Aladdin_Sane Diamond_Dogs Station_to_Station Scary_Monsters_(And_Super_Creeps) Lodger_(album) Pin_Ups_(album) Space_Oddity_(song) Labyrinth_(film) Tonight_(David_Bowie_album) Never_Let_Me_Down Reality_(David_Bowie_album) Outside_(David_Bowie_album) Heathen_(album) Black_Tie_White_Noise The_Man_Who_Fell_to_Earth_(film) Earthling_(album) 'Hours...' The_Buddha_of_Suburbia_(soundtrack) George_Underwood_(artist) Nothing_Has_Changed_(album) The_Prestige_(film) Glass_Spider_Tour 100_Greatest_Britons Iggy_Pop The_Thin_White_Duke Mick_Jagger Brixton Cher Moon_(film) Plastic_soul Brian_Eno Glam_rock Under_Pressure The_Hunger_(1983_film) List_of_awards_and_nominations_received_by_David_Bowie Anisocoria David_Bowie_(disambiguation) Mick_Ronson Starman_(song) Jareth The_Last_Temptation_of_Christ_(film) Crazy_wisdom Fame_(David_Bowie_song) Bandslam Lindsay_Kemp Barnardo's Declining_a_British_honour Merry_Christmas,_Mr._Lawrence Ziggy_Stardust_and_the_Spiders_from_Mars_(film) August_(2008_film) SpongeBob's_Atlantis_SquarePantis Sue_(Or_in_a_Season_of_Crime) Basquiat_(film) Zoolander The_Next_Day_(song) Absolute_Beginners_(film) Nikola_Tesla Fine_art Lou_Reed Just_a_Gigolo_(1978_film) The_Spiders_from_Mars Ziggy_Stardust_Tour Ashes_to_Ashes_(David_Bowie_song) Christiane_F._â€“_We_Children_from_Bahnhof_Zoo Main_Page ChÃ¶gyam_Trungpa Tin_Machine Vox_Mark_III Chime_Rinpoche Heathen_Tour Omikron:_The_Nomad_Soul Twin_Peaks:_Fire_Walk_with_Me Washtub_bass SpongeBob_SquarePants Arthur_and_the_Invisibles Peter_Frampton Lausanne List_of_Twin_Peaks_characters Into_the_Night_(film) Everybody_Loves_Sunshine Tony_Visconti The_Riot_Squad Anthony_Newley James_Bowie Tutti_Frutti_(song) Carlos_Alomar The_Virgin_Soldiers The_Idiot_(album) The_Linguini_Incident Multi-instrumentalist List_of_David_Bowie_concert_tours Marc_Bolan A_Reality_Tour Love_You_till_Tuesday_(film) The_Image_(short_film) Yellowbeard Gunslinger's_Revenge Cher_(TV_series) The_Snowman Art_rock Queen_(band) Celebrity_bond Jazzin'_for_Blue_Jean Ravens_Wood_School Koto_(instrument) Dream_On_(TV_series) Blue-eyed_soul Depth_perception Hollywood_Walk_of_Fame Skiffle Rolling_Stone Cracked_Actor The_Laughing_Gnome Lust_for_Life_(album) Toy_(David_Bowie_album) The_Elephant_Man_(play) Robert_Fripp Life_on_Mars_(song) Bromley Elton_John Best_of_Bowie Freddie_Mercury Drum_and_bass Kouros Triptych Eleven_plus_exam Tin_Machine_(album) SchÃ¶neberg Scott_Walker:_30_Century_Man The_Hype_(David_Bowie_band) Rebel_Rebel Rock_and_Roll_Hall_of_Fame Experimental_rock Annie_Lennox List_of_Billboard_number-one_singles Alter_ego Tulku Sound+Vision_Tour Tin_Machine_II Hard_Rock_Cafe New_Romanticism Kraftwerk All_the_Young_Dudes Order_of_the_British_Empire The_Freddie_Mercury_Tribute_Concert David_Bowie Lauren_Bacall Max_Zorin Krautrock Liza_Jane_(David_Bowie_song) Kate_Moss A_Reality_Tour_(film) David_Live Oblique_Strategies Little_Richard China_Girl_(song) Knight Queen_Bitch Reflektor_(song) Sterling_Campbell David_Bowie_Is_Happening_Now The_Velvet_Underground I'm_Afraid_of_Americans Serious_Moonlight_Tour Dancing_in_the_Street "Heroes"_(David_Bowie_song) Adrian_Belew EMP_Museum Rock_Against_Racism Zeitgeist Neu! Paul_McCartney Isolar_II_â€“_The_1978_World_Tour Where_Are_We_Now? Tilda_Swinton Adult_contemporary_music Changes_(David_Bowie_song) Christiane_F._(album) Elvis_Presley Sound_and_Vision Pink_Floyd The_Jean_Genie Glass_Spider Queen Golden_Years_(song) Andy_Warhol Anywhere_I_Lay_My_Head Bob_Dylan David_Gilmour Transformer_(album) Iman Modern_Love_(song) Reeves_Gabrels Rip_Torn Christina_Aguilera Pontius_Pilate 1992_Los_Angeles_riots Arnold_Corns David_Bowie:_Five_Years List_of_best-selling_music_artists Symphony_No._1_(Glass) Counterpoint The_Beatles Mott_the_Hoople Nile_Rodgers Apollo_11 John_Lennon Serious_Moonlight_(1983_film) Cat_People_(Putting_Out_Fire) Minimal_music The_Rolling_Stones Davy_Jones_(musician) Philip_Glass Lake_Geneva Vox_(musical_equipment) Industrial_music Mick_Woodmansey Stage_(David_Bowie_album) A_View_to_a_Kill Paul_Nicholas Symphony_No._4_(Glass) Deep_Purple Fats_Domino Lyons_Maid Peace_on_Earth/Little_Drummer_Boy Stevie_Ray_Vaughan Arcade_Fire Diamond_Dogs_Tour John_Bloom_(businessman) The_Doors Cat_People_(1982_film) Ziggy_Stardust The_Teenagers The_Who Cub_Scout Isolar_â€“_1976_Tour Sadler's_Wells_Theatre Tony_Defries Depeche_Mode Steve_Strange The_Monkees This_Is_Not_America Billy_Idol Imagine:_John_Lennon John,_I'm_Only_Dancing Kit_Kat Sting Arts_Lab Beat_music Bruce_Springsteen Jimi_Hendrix List_of_artists_by_number_of_UK_Albums_Chart_number_ones Recorder_(musical_instrument) Song_for_Bob_Dylan Toni_Basil Ziggy_Stardust_(song) Baal_(EP) David_Guetta Diamond_Dogs_(song) Music_hall Ordre_des_Arts_et_des_Lettres All_Time_Top_1000_Albums Beck Berklee_College_of_Music Parlophone 57th_Annual_Grammy_Awards Grammy_Award Led_Zeppelin Memory_of_a_Free_Festival Neil_Young Prince The_Best_of_David_Bowie_1980/1987 The_Hunger_(TV_series) Tom_Waits Vanilla_Ice Warsaw Do_Anything_You_Say Life_on_Mars List_of_Billboard_number-one_dance_hits Madonna Outside_Tour Rod_Stewart West_Berlin Chuck_Hammer Michael_Jackson Music_and_movement Nine_Inch_Nails Butterfly_Boucher Mayor_of_the_Sunset_Strip Scottish_independence_referendum,_2014 The_Best_of_David_Bowie_1969/1974 Trent_Reznor BrÃ¼cke_Museum Chuck_Berry Eric_Clapton I_Pity_the_Fool List_of_artists_who_reached_number_one_in_the_United_States London_Victoria_station Melody_Maker Tin_Machine_Live:_Oy_Vey,_Baby UK_Singles_Chart A_Reality_Tour_(album) Def_Leppard Here_Comes_Honey_Boo_Boo Playboy Scarlett_Johansson David_Byrne The_Collection_(David_Bowie_album) Trevor_Bolder Avant-garde Brit_Awards Charles_Mingus Deram_Records Gramophone_record Michael_McDonald_(singer) Blue_Jean Dire_Straits Duran_Duran Earl_Slick Jump_They_Say Pete_Townshend Rock_music The_Best_of_David_Bowie_1974/1979 The_Platters Bowie Christopher_Nolan Davy_Jones Francisco_Franco Jim_Henson Stockwell Andy_Warhol_(song) Angioplasty Bing_Crosby Eminem KMFDM The_Concert_for_New_York_City The_Cure Alan_Yentob Alto_saxophone Blender_(magazine) Buddhism Dick_James Fascism From_Here_to_Eternity Independent_school_(United_Kingdom) John_Coltrane Johnny_Cash Moonage_Daydream Virgin_Records You've_Got_a_Habit_of_Leaving Berlin_Wall Earthling_Tour Ivor_Novello_Awards Marlene_Dietrich Simon_&_Garfunkel The_Deram_Anthology_1966â€“1968 AC/DC Catherine_Deneuve George_Harrison Jimmy_Page Phil_Collins Phrygian_dominant_scale Protopunk Saturn_Award_for_Best_Actor Showgirls The_Platinum_Collection_(David_Bowie_album) The_Sylvers Visage_(band) Alice_Cooper Frontier George_Michael Inspirations_(film) Josh_Hartnett Labyrinth List_of_Rock_and_Roll_Hall_of_Fame_inductees Never_Let_Me_Down_(song) Oral_sex Red_Hot_Chili_Peppers Russell_Harty The_Falcon_and_the_Snowman Wild_Is_the_Wind_(song)]	[11486 9032 7326 5961 3654 3011 2847 2842 2780 2302 2261 2088 1944 1836 1825 1741 1640 1588 1560 1331 1262 1120 1091 1010 849 835 809 803 765 745 744 702 653 624 622 602 477 460 438 433 413 398 394 390 345 327 311 303 302 289 284 282 281 277 271 271 269 264 250 250 238 238 228 223 221 220 215 209 201 198 192 189 188 187 186 183 178 171 168 158 156 156 155 147 145 143 141 137 132 129 125 123 120 118 113 108 107 106 105 104 104 104 103 101 100 100 99 99 98 98 95 95 94 93 92 91 87 86 83 82 82 81 79 79 78 78 74 72 71 71 66 65 63 62 62 62 62 61 61 61 60 60 59 59 58 57 56 55 54 54 53 53 52 51 51 51 50 49 49 48 48 48 48 47 47 45 45 45 45 44 44 44 44 44 44 41 41 41 41 40 40 40 40 40 39 39 39 38 38 37 36 36 36 36 36 36 36 35 35 35 34 33 33 33 33 33 33 33 33 32 32 31 31 31 31 31 30 30 29 29 28 28 28 28 28 27 27 27 26 26 26 26 26 25 25 25 25 25 25 24 24 24 24 24 24 23 23 22 22 22 22 22 22 21 21 21 21 21 21 21 21 21 20 19 19 19 19 19 19 19 19 19 19 19 19 19 18 18 17 17 17 17 17 17 17 17 17 17 17 17 17 16 16 16 16 16 16 16 16 16 16 16 15 15 15 15 15 15 15 15 15 15 15 15 15 15 14 14 14 14 14 14 14 14 13 13 13 13 13 13 13 13 13 13 13 13 13 13 13 12 12 12 12 12 12 12 12 12 12 12 12 12 11 11 11 11 11 11 11 11 11 11 11 11 11 11 11 11 11 11 11 10 10 10 10 10 10 10 10 10 10 10 10 10 10 10 10 10 10 10 10 10 10 10 10 10]
Mick_Ronson	[David_Bowie Changes_(David_Bowie_song) Quicksand_(David_Bowie_song) David_Bowie_discography]	[281 16 11 10]	[David_Bowie]	[133]
Sound_and_Vision	[Low_(David_Bowie_album) David_Bowie_discography David_Bowie Stay_(David_Bowie_song)]	[239 60 36 17]	[Low_(David_Bowie_album) Stay_(David_Bowie_song) David_Bowie]	[157 23 23]
David_Bowie_(box_set)	[other-google other-wikipedia David_Bowie_(disambiguation) Sound_+_Vision_(box_set) other-empty]	[97 39 23 13 11]	[The_Platinum_Collection_(David_Bowie_album) Sound_+_Vision_(box_set) David_Bowie]	[14 11 11]
David_Gilmour	[David_Bowie David_Bowie_discography]	[33 12]	[David_Bowie]	[38]
TV_on_the_Radio	["Heroes"_(David_Bowie_song)]	[38]	[David_Bowie "Heroes"_(David_Bowie_song)]	[39 11]
Luther_Vandross	[Fascination_(David_Bowie_song)]	[19]	[David_Bowie Fascination_(David_Bowie_song)]	[64 20]
Modern_Love_(song)	[Let's_Dance_(David_Bowie_album) David_Bowie_discography David_Bowie]	[313 78 33]	[Let's_Dance_(David_Bowie_album) David_Bowie Without_You_(David_Bowie_song)]	[401 63 63]
Mott_the_Hoople	[David_Bowie]	[29]	[David_Bowie]	[95]
Marc_Bolan	[David_Bowie]	[99]	[David_Bowie]	[100]
Glass_Spider_Tour	[David_Bowie List_of_David_Bowie_concert_tours]	[477 86]	[David_Bowie]	[22]
Led_Zeppelin	[David_Bowie]	[17]	[David_Bowie]	[17]
Starman_(song)	[David_Bowie David_Bowie_discography Changes_(David_Bowie_song)]	[277 95 58]	[David_Bowie Changes_(David_Bowie_song)]	[121 44]
Never_Get_Old	[David_Bowie_discography]	[39]	[Reality_(David_Bowie_album)]	[31]
As_the_World_Falls_Down	[Labyrinth_(David_Bowie_album) Tonight_(David_Bowie_album) Underground_(David_Bowie_song)]	[81 24 13]	[Labyrinth_(David_Bowie_album)]	[32]
Bruce_Springsteen	[David_Bowie]	[19]	[David_Bowie]	[13]
Iman_(model)	[David_Bowie Outside_(David_Bowie_album)]	[11486 40]	[David_Bowie]	[3485]
Joy_Division	[Low_(David_Bowie_album)]	[24]	[David_Bowie]	[18]
Cygnet_Committee	[David_Bowie_(1969_album)]	[173]	[David_Bowie_(1969_album) David_Bowie]	[61 11]
The_World_of_David_Bowie	[other-google David_Bowie_discography other-wikipedia other-empty]	[214 189 27 13]	[David_Bowie_(1967_album) Images_1966â€“1967 David_Bowie The_London_Boys]	[40 33 16 11]
You've_Got_a_Habit_of_Leaving	[David_Bowie_discography Toy_(David_Bowie_album) David_Bowie]	[85 20 11]	[David_Bowie]	[16]
The_Man_Who_Sold_the_World	[David_Bowie_discography Changes_(David_Bowie_song)]	[82 41]	[David_Bowie]	[269]
Zoolander	[David_Bowie]	[201]	[David_Bowie]	[147]
Blue_Jean	[Tonight_(David_Bowie_album) David_Bowie_discography David_Bowie]	[139 78 13]	[Tonight_(David_Bowie_album) David_Bowie]	[131 26]
Sweet_Thing_(David_Bowie_song)	[Diamond_Dogs other-google other-empty Diamond_Dogs_(song)]	[175 125 17 13]	[Rebel_Rebel Diamond_Dogs Zion_(song)]	[16 14 13]
The_Hearts_Filthy_Lesson	[Outside_(David_Bowie_album) David_Bowie_discography Strangers_When_We_Meet_(David_Bowie_song)]	[117 46 13]	[Outside_(David_Bowie_album) Strangers_When_We_Meet_(David_Bowie_song) David_Bowie]	[95 43 10]
Joe_the_Lion	[Beauty_and_the_Beast_(David_Bowie_song) "Heroes"_(David_Bowie_song)]	[39 13]	["Heroes"_(David_Bowie_song) Beauty_and_the_Beast_(David_Bowie_song)]	[42 17]
List_of_awards_and_nominations_received_by_David_Bowie	[other-google David_Bowie other-empty other-twitter other-wikipedia other-other other-bing]	[305 289 115 47 22 19 12]	[Grammy_Lifetime_Achievement_Award Grammy_Award Jazzin'_for_Blue_Jean The_Next_Day Let's_Dance_(David_Bowie_album)]	[28 25 24 16 13]
"Heroes"	[Low_(David_Bowie_album) David_Bowie David_Bowie_discography "Heroes"_(David_Bowie_song) Stage_(David_Bowie_album) Beauty_and_the_Beast_(David_Bowie_song) Blackout_(David_Bowie_song) David_Bowie_(1969_album) Let's_Dance_(David_Bowie_album)]	[2625 2302 1076 748 395 30 17 11 10]	[Stage_(David_Bowie_album) "Heroes"_(David_Bowie_song) Low_(David_Bowie_album) David_Bowie Beauty_and_the_Beast_(David_Bowie_song) Blackout_(David_Bowie_song) Let's_Dance_(David_Bowie_album) David_Bowie_(1967_album) David_Bowie_(1969_album)]	[1905 952 815 388 200 90 25 17 14]
Rock_and_Roll_Hall_of_Fame	[David_Bowie]	[56]	[David_Bowie]	[24]
Aleister_Crowley	[Quicksand_(David_Bowie_song)]	[13]	[Quicksand_(David_Bowie_song) David_Bowie]	[45 11]
D'You_Know_What_I_Mean?	["Heroes"_(David_Bowie_song)]	[15]	["Heroes"_(David_Bowie_song)]	[22]
Changes	[Changes_(David_Bowie_song)]	[10]	[Changes_(David_Bowie_song)]	[139]
Protopunk	[David_Bowie]	[10]	[David_Bowie]	[33]
Marlene_Dietrich	[David_Bowie]	[11]	[David_Bowie]	[23]
Steve_Strange	[Ashes_to_Ashes_(David_Bowie_song) David_Bowie]	[112 21]	[Ashes_to_Ashes_(David_Bowie_song) David_Bowie]	[344 51]
David_Guetta	[David_Bowie]	[19]	[David_Bowie]	[11]
Shadow_Man_(song)	[Toy_(David_Bowie_album)]	[41]	[Toy_(David_Bowie_album)]	[49]
Rock_music	[The_Singles_Collection_(David_Bowie_album) David_Bowie]	[13 13]	[David_Bowie]	[28]
The_Concert_for_New_York_City	["Heroes"_(David_Bowie_song) David_Bowie]	[13 12]	["Heroes"_(David_Bowie_song) David_Bowie]	[20 11]
Early_On_(1964â€“1966)	[David_Bowie_discography Toy_(David_Bowie_album)]	[100 13]	[The_Singles_Collection_(David_Bowie_album)]	[28]
The_Spiders_from_Mars	[David_Bowie]	[183]	[David_Bowie]	[37]
Major_Tom	[Ashes_to_Ashes_(David_Bowie_song) David_Bowie_(1969_album)]	[164 94]	[David_Bowie Ashes_to_Ashes_(David_Bowie_song) David_Bowie_(1969_album) Low_(David_Bowie_album)]	[247 230 92 39]
David_Bowie_(1969_album)	[David_Bowie David_Bowie_discography David_Bowie_(1967_album) other-google Space_Oddity_(song) The_Man_Who_Sold_the_World_(album) Space_Oddity other-empty other-wikipedia Major_Tom_(Coming_Home) Major_Tom other-other Tony_Visconti Cygnet_Committee Main_Page other-yahoo The_Rise_and_Fall_of_Ziggy_Stardust_and_the_Spiders_from_Mars 1969_in_music other-bing Hunky_Dory The_Prettiest_Star Memory_of_a_Free_Festival Wild_Eyed_Boy_from_Freecloud Toy_(David_Bowie_album) David_Bowie_(disambiguation) Young_Americans_(album) Scary_Monsters_(And_Super_Creeps) "Heroes" Hermione Janine David_Bowie_(1969_album) Bowie_at_the_Beeb Aladdin_Sane The_Deram_Anthology_1966â€“1968 Ziggy_Stardust_and_the_Spiders_from_Mars_(film) Viv_Albertine Conversation_Piece_(disambiguation)]	[2780 1822 1484 1016 1014 897 408 366 224 98 92 73 68 61 56 51 40 39 36 35 33 30 29 23 21 16 15 14 14 14 13 13 12 12 11 10 10]	[The_Man_Who_Sold_the_World_(album) David_Bowie_(1967_album) Space_Oddity_(song) David_Bowie Cygnet_Committee Memory_of_a_Free_Festival Major_Tom Wild_Eyed_Boy_from_Freecloud The_Rise_and_Fall_of_Ziggy_Stardust_and_the_Spiders_from_Mars Stylophone Rick_Wakeman Tim_Renwick Tony_Visconti Hunky_Dory Terry_Cox 2001:_A_Space_Odyssey_(film) Herbie_Flowers The_Prettiest_Star Mbira Keith_Christmas Ashes_to_Ashes_(David_Bowie_song) Aladdin_Sane David_Bowie_(1969_album) Marvin_Gaye_discography Paul_Buckmaster Sound_+_Vision_(box_set) Main_Page Young_Americans_(album) "Heroes" Diamond_Dogs Album Twelve-string_guitar David_Bowie_discography Pin_Ups_(album)]	[1732 866 603 304 173 143 94 87 64 55 43 39 36 30 30 24 23 22 19 17 14 14 13 13 13 13 13 12 11 11 11 10 10 10]
Anywhere_I_Lay_My_Head	[David_Bowie David_Bowie_discography]	[33 19]	[David_Bowie]	[10]
Labyrinth	[David_Bowie]	[10]	[David_Bowie]	[12]
The_Platinum_Collection_(David_Bowie_album)	[David_Bowie_discography other-google other-empty The_Best_of_David_Bowie_1980/1987 other-wikipedia The_Best_of_David_Bowie_1974/1979 David_Bowie_(box_set) The_Best_of_David_Bowie_1969/1974 David_Bowie]	[323 285 46 34 26 19 14 11 10]	[The_Best_of_David_Bowie_1980/1987 David_Bowie The_Best_of_David_Bowie_1969/1974 John,_I'm_Only_Dancing Alabama_Song The_Best_of_David_Bowie_1974/1979 All_the_Young_Dudes Young_Americans_(album) Day-In_Day-Out It's_Hard_to_Be_a_Saint_in_the_City The_Prettiest_Star]	[28 21 17 16 15 15 13 12 11 11 10]
Gunslinger's_Revenge	[David_Bowie]	[95]	[David_Bowie]	[13]
David_Bowie_(disambiguation)	[David_Bowie other-wikipedia other-empty]	[282 33 26]	[David_Bowie_(1967_album) David_Bowie David_Bowie_(box_set) David_Bowie_(1969_album)]	[50 42 23 21]
Arthur_and_the_Invisibles	[David_Bowie]	[129]	[David_Bowie]	[138]
Let's_Dance_(David_Bowie_song)	[other-google Let's_Dance_(David_Bowie_album) Let's_Dance David_Bowie_discography other-empty other-wikipedia China_Girl_(song) other-yahoo Shall_We_Dance?_(2004_film) other-bing List_of_Billboard_Hot_100_number-one_singles_of_1983 Peace_on_Earth/Little_Drummer_Boy other-other Main_Page The_Boat_That_Rocked_(soundtrack) Nothing_Has_Changed_(album) Billboard_Year-End_Hot_100_singles_of_1983 Nile_Rodgers She_Blinded_Me_with_Science List_of_songs_in_Lego_Rock_Band List_of_Billboard_Hot_100_number-one_singles_of_the_1980s Cat_People_(Putting_Out_Fire) Church_of_the_Poison_Mind Elite_Beat_Agents Best_of_Bowie Been_Around_the_World 1983_in_music Sona_Mohapatra]	[1513 649 229 171 150 134 63 57 51 47 46 41 37 37 23 22 20 19 17 15 14 12 12 12 11 11 11 10]	[Let's_Dance_(David_Bowie_album) David_Bowie China_Girl_(song) Nile_Rodgers Stevie_Ray_Vaughan Carinda Cat_People_(Putting_Out_Fire) Carmine_Rojas Nothing_Has_Changed_(album) Peace_on_Earth/Little_Drummer_Boy Coonabarabran Flashdance..._What_a_Feeling Post-disco Indigenous_Australians Without_You_(David_Bowie_song) David_Mallet_(director) Tony_Thompson_(drummer) Warrumbungle_National_Park]	[328 147 141 80 67 47 31 24 20 18 15 15 15 14 12 11 11 11]
Ragazzo_solo,_ragazza_sola	[David_Bowie_discography Rare_(David_Bowie_album)]	[69 11]	[Rare_(David_Bowie_album)]	[19]
Hansa_Tonstudio	[Low_(David_Bowie_album) "Heroes"_(David_Bowie_song)]	[30 30]	[Low_(David_Bowie_album)]	[20]
Into_the_Night_(film)	[David_Bowie]	[118]	[David_Bowie]	[35]
The_Rise_and_Fall_of_Ziggy_Stardust_and_the_Spiders_from_Mars	[David_Bowie David_Bowie_discography David_Bowie_(1969_album) David_Bowie_(1967_album) Low_(David_Bowie_album) Stage_(David_Bowie_album) Changes_(David_Bowie_song) Let's_Dance_(David_Bowie_album)]	[3654 1608 64 47 44 19 16 10]	[David_Bowie David_Bowie_(1969_album) David_Bowie_(1967_album) Low_(David_Bowie_album) David_Bowie_discography Let's_Dance_(David_Bowie_album)]	[846 40 26 22 17 14]
George_Underwood_(artist)	[David_Bowie]	[624]	[David_Bowie]	[12]
Heathen_(album)	[David_Bowie David_Bowie_discography Slow_Burn_(David_Bowie_song) Toy_(David_Bowie_album) Reality_(David_Bowie_album) Let's_Dance_(David_Bowie_album) Outside_(David_Bowie_album)]	[803 665 82 81 45 17 13]	[Reality_(David_Bowie_album) Slow_Burn_(David_Bowie_song) David_Bowie Toy_(David_Bowie_album) Tonight_(David_Bowie_album) Let's_Dance_(David_Bowie_album) Outside_(David_Bowie_album)]	[1052 105 79 54 15 13 10]
Tonight_(Iggy_Pop_song)	[Tonight_(David_Bowie_album) David_Bowie_discography]	[119 42]	[Tonight_(David_Bowie_album) David_Bowie]	[57 10]
A_View_to_a_Kill	[David_Bowie]	[25]	[David_Bowie]	[15]
The_Freddie_Mercury_Tribute_Concert	[David_Bowie]	[48]	[David_Bowie "Heroes"_(David_Bowie_song)]	[41 26]
Loving_the_Alien	[Tonight_(David_Bowie_album) David_Bowie_discography]	[91 49]	[Tonight_(David_Bowie_album)]	[85]
Tin_Machine_(album)	[David_Bowie_discography David_Bowie]	[559 60]	[David_Bowie]	[71]
Cat_People_(1982_film)	[David_Bowie David_Bowie_discography]	[23 22]	[David_Bowie Let's_Dance_(David_Bowie_album)]	[21 10]
Bring_Me_the_Disco_King	[Reality_(David_Bowie_album)]	[52]	[Reality_(David_Bowie_album)]	[25]
A_Reality_Tour_(film)	[David_Bowie David_Bowie_discography]	[45 33]	[David_Bowie]	[16]
Sue_(Or_in_a_Season_of_Crime)	[David_Bowie David_Bowie_discography]	[215 142]	[David_Bowie]	[33]
The_Laughing_Gnome	[David_Bowie_discography David_Bowie David_Bowie_(1967_album)]	[124 72 57]	[David_Bowie David_Bowie_(1967_album)]	[38 13]
Lust_for_Life_(album)	[David_Bowie]	[71]	[David_Bowie]	[81]
Jonathan_Richman	[Reality_(David_Bowie_album)]	[11]	[Reality_(David_Bowie_album)]	[14]
The_Best_of_David_Bowie_1980/1987	[other-google David_Bowie_discography The_Platinum_Collection_(David_Bowie_album) other-wikipedia other-empty The_Best_of_David_Bowie_1974/1979 David_Bowie Nothing_Has_Changed_(album)]	[284 202 28 28 27 22 17 11]	[The_Platinum_Collection_(David_Bowie_album) David_Bowie Ashes_to_Ashes_(David_Bowie_song) Baal_(EP) Under_Pressure]	[34 12 11 11 10]
The_Hours..._Tour	[List_of_David_Bowie_concert_tours Mini_Tour_(David_Bowie)]	[56 37]	[Mini_Tour_(David_Bowie)]	[68]
Philip_Glass	[David_Bowie Low_(David_Bowie_album)]	[27 10]	[David_Bowie Low_(David_Bowie_album)]	[15 12]
The_Hunger_(TV_series)	[David_Bowie]	[17]	[David_Bowie]	[17]
1984_(song)	[David_Bowie_discography]	[44]	[David_Bowie Big_Brother_(David_Bowie_song)]	[26 15]
Cat_People_(Putting_Out_Fire)	[Let's_Dance_(David_Bowie_album) David_Bowie_discography Let's_Dance_(David_Bowie_song) David_Bowie]	[189 100 31 28]	[Let's_Dance_(David_Bowie_album) David_Bowie The_Singles_Collection_(David_Bowie_album) Let's_Dance_(David_Bowie_song)]	[155 42 14 12]
Phil_Collins	[Let's_Dance_(David_Bowie_album) David_Bowie]	[47 10]	[David_Bowie]	[73]
Absolute_Beginners_(film)	[David_Bowie Absolute_Beginners_(David_Bowie_song) David_Bowie_discography Tonight_(David_Bowie_album)]	[192 191 48 10]	[Absolute_Beginners_(David_Bowie_song) David_Bowie]	[61 41]
Cracked_Actor	[David_Bowie]	[74]	[David_Bowie]	[10]
Wild_Is_the_Wind_(song)	[David_Bowie_discography Stay_(David_Bowie_song) David_Bowie]	[50 21 10]	[David_Bowie]	[30]
Neu!	["Heroes"_(David_Bowie_song) David_Bowie Low_(David_Bowie_album)]	[49 39 21]	[David_Bowie]	[16]
Bowie_at_the_Beeb	[David_Bowie_discography The_Best_of_David_Bowie_1974/1979]	[157 37]	[All_Saints_(David_Bowie_album) David_Bowie David_Bowie_(1969_album)]	[48 23 13]
Big_Brother_(David_Bowie_song)	[Diamond_Dogs other-google other-empty 1984_(song)]	[107 83 17 15]	[Diamond_Dogs]	[49]
Davy_Jones	[David_Bowie]	[12]	[David_Bowie]	[26]
Blue-eyed_soul	[David_Bowie]	[81]	[David_Bowie]	[13]
Never_Let_Me_Down	[Labyrinth_(David_Bowie_album) David_Bowie David_Bowie_discography Tonight_(David_Bowie_album) Let's_Dance_(David_Bowie_album) Outside_(David_Bowie_album)]	[1198 849 723 139 76 11]	[Labyrinth_(David_Bowie_album) David_Bowie Tonight_(David_Bowie_album) David_Bowie_discography Outside_(David_Bowie_album)]	[208 53 36 12 10]
Main_Page	[David_Bowie David_Bowie_discography "Heroes"_(David_Bowie_song) David_Bowie_(1969_album)]	[158 24 19 13]	[David_Bowie David_Bowie_discography Ashes_to_Ashes_(David_Bowie_song) David_Bowie_(1969_album) Let's_Dance_(David_Bowie_song) Let's_Dance_(David_Bowie_album) "Heroes"_(David_Bowie_song) Low_(David_Bowie_album) Fame_(David_Bowie_song) Changes_(David_Bowie_song) Absolute_Beginners_(David_Bowie_song) Outside_(David_Bowie_album) David_Bowie_(1967_album)]	[3240 984 67 56 37 29 29 28 20 18 15 11 10]
Bowie	[David_Bowie]	[12]	[David_Bowie]	[376]
List_of_Twin_Peaks_characters	[David_Bowie]	[120]	[David_Bowie]	[72]
What_in_the_World	[Low_(David_Bowie_album)]	[112]	[Low_(David_Bowie_album)]	[13]
Station_to_Station	[David_Bowie David_Bowie_discography Low_(David_Bowie_album) Stay_(David_Bowie_song) Stage_(David_Bowie_album)]	[1588 1178 758 23 10]	[Low_(David_Bowie_album) David_Bowie Stay_(David_Bowie_song) Let's_Dance_(David_Bowie_album) David_Bowie_discography Fame_(David_Bowie_song)]	[2055 429 166 12 12 10]
Queen_Bitch	[David_Bowie]	[44]	[David_Bowie]	[28]
Androgyny	[David_Bowie]	[2847]	[David_Bowie]	[37]
Iman	[David_Bowie]	[33]	[David_Bowie]	[11]
Some_Are	[Low_(David_Bowie_album)]	[56]	[All_Saints_(David_Bowie_album)]	[15]
All_the_Young_Dudes	[David_Bowie David_Bowie_discography The_Platinum_Collection_(David_Bowie_album)]	[49 19 13]	[David_Bowie The_Best_of_David_Bowie_1969/1974]	[111 19]
The_Prettiest_Star	[David_Bowie_discography Time_(David_Bowie_song) David_Bowie_(1969_album) The_Platinum_Collection_(David_Bowie_album)]	[96 34 22 10]	[David_Bowie_(1969_album) David_Bowie]	[33 11]
Memory_of_a_Free_Festival	[David_Bowie_(1969_album) David_Bowie_discography David_Bowie]	[143 43 17]	[David_Bowie_(1969_album)]	[30]
Fantastic_Voyage_(David_Bowie_song)	[Lodger_(album) other-google other-wikipedia other-empty]	[108 41 22 14]	[Lodger_(album) Boys_Keep_Swinging]	[20 13]
Changestwobowie	[David_Bowie_discography]	[202]	[Rare_(David_Bowie_album)]	[42]
Aladdin_Sane	[David_Bowie David_Bowie_discography Time_(David_Bowie_song) Low_(David_Bowie_album) David_Bowie_(1969_album) VH1_Storytellers_(David_Bowie_album)]	[1741 1375 22 21 14 12]	[David_Bowie Time_(David_Bowie_song) Low_(David_Bowie_album) David_Bowie_(1967_album) David_Bowie_(1969_album)]	[302 156 17 12 12]
List_of_artists_who_reached_number_one_in_the_United_States	[David_Bowie]	[15]	[David_Bowie]	[11]
Outside_(David_Bowie_album)	[other-google The_Buddha_of_Suburbia_(soundtrack) David_Bowie David_Bowie_discography other-empty Earthling_(album) other-wikipedia Hallo_Spaceboy The_Hearts_Filthy_Lesson I'm_Deranged Outside other-other Cyberpunk Strangers_When_We_Meet_(David_Bowie_song) Outside_(David_Bowie_album) Outside_Tour I'm_Afraid_of_Americans other-bing Brian_Eno_discography ZoÃ«_Poledouris List_of_cyberpunk_works Black_Tie_White_Noise 1995_in_music Basquiat_(film) Seven_(1995_film) other-yahoo Joey_Baron Reeves_Gabrels Let's_Dance_(David_Bowie_album) Main_Page Reality_(David_Bowie_album) Heathen_(album) 'Hours...' Brian_Eno Never_Let_Me_Down]	[1074 946 809 677 365 305 129 118 95 78 56 50 43 38 36 31 29 26 24 24 22 21 20 19 18 15 15 15 11 11 11 10 10 10 10]	[Earthling_(album) The_Buddha_of_Suburbia_(soundtrack) David_Bowie The_Hearts_Filthy_Lesson Hallo_Spaceboy Strangers_When_We_Meet_(David_Bowie_song) I'm_Deranged Iman_(model) Brian_Eno Outside_(David_Bowie_album) Reeves_Gabrels Outside_Tour Erdal_KÄ±zÄ±lÃ§ay Rise_and_Fall_of_the_City_of_Mahagonny The_Next_Day ZoÃ«_Poledouris Sterling_Campbell Yossi_Fine David_Richards_(record_producer) Diamond_Dogs Heathen_(album) 'Hours...' Scary_Monsters_(And_Super_Creeps) Fin_de_siÃ¨cle Industrial_rock Mike_Garson Reality_(David_Bowie_album) Let's_Dance_(David_Bowie_album) Never_Let_Me_Down Black_Tie_White_Noise Kevin_Armstrong_(guitarist) Gugging]	[1038 254 130 117 113 80 52 40 38 36 34 29 21 20 19 17 16 15 15 14 13 13 12 12 12 12 12 11 11 11 11 10]
Moonage_Daydream	[David_Bowie_discography Changes_(David_Bowie_song) David_Bowie]	[112 17 11]	[David_Bowie Changes_(David_Bowie_song)]	[187 18]
Serious_Moonlight_Tour	[List_of_David_Bowie_concert_tours David_Bowie Let's_Dance_(David_Bowie_album) Tonight_(David_Bowie_album)]	[111 41 12 11]	[Let's_Dance_(David_Bowie_album) David_Bowie]	[25 14]
Scary_Monsters_(And_Super_Creeps)_(song)	[David_Bowie_discography Fashion_(David_Bowie_song) Ashes_to_Ashes_(David_Bowie_song)]	[46 46 19]	[Fashion_(David_Bowie_song) Ashes_to_Ashes_(David_Bowie_song)]	[20 10]
Curtain_Call_(American_Horror_Story)	["Heroes"_(David_Bowie_song)]	[44]	["Heroes"_(David_Bowie_song)]	[65]
Depeche_Mode	[David_Bowie]	[21]	[David_Bowie]	[32]
Song_for_Bob_Dylan	[David_Bowie]	[19]	[David_Bowie]	[10]
Strangers_When_We_Meet_(David_Bowie_song)	[other-google Outside_(David_Bowie_album) Nothing_Has_Changed_(album) The_Buddha_of_Suburbia_(soundtrack) The_Hearts_Filthy_Lesson David_Bowie_discography Strangers_When_We_Meet other-empty other-wikipedia]	[126 80 74 55 43 41 13 13 13]	[Hallo_Spaceboy Outside_(David_Bowie_album) The_Buddha_of_Suburbia_(soundtrack) The_Hearts_Filthy_Lesson]	[39 38 29 13]
Golden_Years_(song)	[Fame_(David_Bowie_song) David_Bowie_discography David_Bowie]	[142 91 35]	[David_Bowie Fame_(David_Bowie_song)]	[98 33]
Ashes_to_Ashes_(TV_series)	["Heroes"_(David_Bowie_song) Ashes_to_Ashes_(David_Bowie_song)]	[40 16]	[Ashes_to_Ashes_(David_Bowie_song)]	[37]
I'm_Deranged	[Outside_(David_Bowie_album)]	[52]	[Outside_(David_Bowie_album)]	[78]
Peace_on_Earth/Little_Drummer_Boy	[David_Bowie_discography David_Bowie Let's_Dance_(David_Bowie_song)]	[57 24 18]	[Let's_Dance_(David_Bowie_song) David_Bowie The_Singles_Collection_(David_Bowie_album)]	[41 32 30]
Glam_rock	[David_Bowie Changes_(David_Bowie_song)]	[311 11]	[David_Bowie]	[399]
Hallo_Spaceboy	[Outside_(David_Bowie_album) Ashes_to_Ashes_(David_Bowie_song) David_Bowie_discography Strangers_When_We_Meet_(David_Bowie_song)]	[113 69 55 39]	[Outside_(David_Bowie_album) David_Bowie]	[118 23]
Wild_Eyed_Boy_from_Freecloud	[David_Bowie_(1969_album)]	[87]	[David_Bowie_(1969_album)]	[29]
American_Horror_Story:_Freak_Show	["Heroes"_(David_Bowie_song)]	[27]	[David_Bowie]	[31]
Best_of_Bowie	[David_Bowie_discography Reality_(David_Bowie_album) David_Bowie All_Saints_(David_Bowie_album) The_Collection_(David_Bowie_album)]	[664 254 62 17 14]	[David_Bowie Reality_(David_Bowie_album) David_Bowie_(1967_album) "Heroes"_(David_Bowie_song) Fame_(David_Bowie_song) Absolute_Beginners_(David_Bowie_song) Changes_(David_Bowie_song) The_Collection_(David_Bowie_album) Ashes_to_Ashes_(David_Bowie_song) Let's_Dance_(David_Bowie_song)]	[69 40 24 22 21 18 17 13 11 11]
Toy_(David_Bowie_album)	[other-google Nothing_Has_Changed_(album) other-wikipedia David_Bowie Heathen_(album) other-empty Shadow_Man_(song) David_Bowie_discography other-other Toy_(disambiguation) other-bing other-yahoo I_Dig_Everything]	[529 224 96 71 54 52 49 22 20 17 17 11 10]	[Heathen_(album) Clarence_Carter Shadow_Man_(song) The_Next_Day Baby_Loves_That_Way David_Bowie_(1969_album) A_Reality_Tour_(album) Nothing_Has_Changed_(album) You've_Got_a_Habit_of_Leaving David_Bowie Gail_Ann_Dorsey Early_On_(1964â€“1966) David_Bowie_(1967_album) Earl_Slick I_Dig_Everything Liza_Jane_(David_Bowie_song) The_London_Boys]	[81 63 41 37 25 23 21 20 20 20 15 13 12 12 11 11 10]
Tonight_(David_Bowie_album)	[Ziggy_Stardust:_The_Motion_Picture David_Bowie David_Bowie_discography other-google Let's_Dance_(David_Bowie_album) Labyrinth_(David_Bowie_album) other-empty Blue_Jean other-wikipedia Loving_the_Alien Tonight_(Iggy_Pop_song) Tonight Never_Let_Me_Down Scary_Monsters_(And_Super_Creeps) Black_Tie_White_Noise other-other Le_Studio 1984_in_music Absolute_Beginners_(David_Bowie_song) Heathen_(album) Changesbowie Carlos_Alomar other-yahoo]	[1210 1010 905 595 245 190 158 131 107 85 57 37 36 25 24 24 20 17 15 15 12 11 10]	[Labyrinth_(David_Bowie_album) Ziggy_Stardust:_The_Motion_Picture Never_Let_Me_Down Blue_Jean Tonight_(Iggy_Pop_song) Loving_the_Alien David_Bowie New_Values This_Is_Not_America I_Keep_Forgettin' God_Only_Knows Let's_Dance_(David_Bowie_album) Absolute_Beginners_(David_Bowie_song) Iggy_Pop As_the_World_Falls_Down Tin_Machine Carlos_Alomar Pin_Ups_(album) Black_Tie_White_Noise Hugh_Padgham Serious_Moonlight_Tour Absolute_Beginners_(film) Tina_Turner]	[1261 240 139 139 119 91 81 56 52 48 38 29 28 24 24 21 20 15 14 14 11 10 10]
Crystal_Japan	[David_Bowie_discography Ashes_to_Ashes_(David_Bowie_song) All_Saints_(David_Bowie_album) Rare_(David_Bowie_album)]	[46 42 16 10]	[Ashes_to_Ashes_(David_Bowie_song) All_Saints_(David_Bowie_album)]	[28 10]
Reality_(David_Bowie_album)	[Heathen_(album) David_Bowie David_Bowie_discography other-google Live_Santa_Monica_'72 The_Next_Day other-empty other-wikipedia New_Killer_Star Best_of_Bowie Reality_(disambiguation) Never_Get_Old other-other Bring_Me_the_Disco_King Pin_Ups_(album) A_Reality_Tour 'Hours...' Scary_Monsters_(And_Super_Creeps) Jonathan_Richman Outside_(David_Bowie_album) other-bing Nothing_Has_Changed_(album) Jonathan_Barnbrook Tony_Visconti other-yahoo]	[1052 835 622 461 153 131 99 91 52 40 39 31 26 25 19 17 16 14 14 12 11 11 11 10 10]	[Live_Santa_Monica_'72 Best_of_Bowie The_Next_Day New_Killer_Star David_Bowie Pablo_Picasso_(song) Bring_Me_the_Disco_King Fall_Dog_Bombs_the_Moon Try_Some,_Buy_Some Heathen_(album) A_Reality_Tour The_Loneliest_Guy Love_Missile_F1-11 Earthling_(album) Pablo_Picasso Scary_Monsters_(And_Super_Creeps) Rebel_Never_Gets_Old Black_Tie_White_Noise Earl_Slick Pin_Ups_(album) Rebel_Rebel Jonathan_Richman Lenny_Kravitz_discography Outside_(David_Bowie_album) Tony_Visconti 'Hours...' Matt_Chamberlain The_Modern_Lovers Gerry_Leonard]	[773 254 125 81 64 54 52 51 51 45 39 33 31 31 25 24 20 17 16 16 15 11 11 11 11 11 11 11 10]
Fashion_(David_Bowie_song)	[other-google Scary_Monsters_(And_Super_Creeps) Ashes_to_Ashes_(David_Bowie_song) other-wikipedia David_Bowie_discography Fashion_(disambiguation) other-empty Nothing_Has_Changed_(album) Scary_Monsters_(And_Super_Creeps)_(song) other-yahoo other-bing]	[476 147 138 74 62 54 40 23 20 18 13]	[Scary_Monsters_(And_Super_Creeps) Ashes_to_Ashes_(David_Bowie_song) Scary_Monsters_(And_Super_Creeps)_(song) David_Bowie Robert_Fripp G._E._Smith Khandi_Alexander May_Pang New_Romanticism Scream_Like_a_Baby Alan_Hunter_(VJ) Teenage_Wildlife George_Murray_(musician)]	[112 51 46 27 24 24 20 17 14 12 11 10 10]
The_Linguini_Incident	[David_Bowie]	[101]	[David_Bowie]	[11]
A_New_Career_in_a_New_Town	[Low_(David_Bowie_album)]	[121]	[Low_(David_Bowie_album)]	[19]
Neil_Young	[David_Bowie]	[17]	[David_Bowie]	[30]
The_Perks_of_Being_a_Wallflower_(film)	["Heroes"_(David_Bowie_song)]	[56]	["Heroes"_(David_Bowie_song) David_Bowie]	[352 66]
Earthling_(album)	[Outside_(David_Bowie_album) David_Bowie David_Bowie_discography Reality_(David_Bowie_album)]	[1038 744 642 31]	[Outside_(David_Bowie_album) David_Bowie]	[305 95]
The_Next_Day_(song)	[David_Bowie Valentine's_Day_(David_Bowie_song) David_Bowie_discography]	[198 68 32]	[Valentine's_Day_(David_Bowie_song) David_Bowie]	[78 18]
Quicksand_(David_Bowie_song)	[other-google Hunky_Dory other-wikipedia Aleister_Crowley Kooks_(song) other-empty Quicksand_(disambiguation) Rock_'n'_Roll_Suicide]	[227 200 51 45 23 20 12 12]	[Hermetic_Order_of_the_Golden_Dawn Joan_Pujol_Garcia Ãœbermensch Hunky_Dory Fill_Your_Heart Heinrich_Himmler Aleister_Crowley Mick_Ronson]	[48 47 41 30 22 18 13 11]
War_Child_Presents_Heroes	["Heroes"_(David_Bowie_song)]	[50]	["Heroes"_(David_Bowie_song)]	[18]
Declining_a_British_honour	[David_Bowie]	[238]	[David_Bowie]	[118]
Always_Crashing_in_the_Same_Car	[Low_(David_Bowie_album)]	[129]	[Low_(David_Bowie_album)]	[32]
Rock_Against_Racism	[David_Bowie]	[40]	[David_Bowie]	[19]
Rolling_Stone's_500_Greatest_Albums_of_All_Time	[Low_(David_Bowie_album)]	[14]	[David_Bowie]	[161]
Lodger_(album)	[Stage_(David_Bowie_album) David_Bowie David_Bowie_discography Low_(David_Bowie_album) Ashes_to_Ashes_(David_Bowie_song) DJ_(David_Bowie_song) Fantastic_Voyage_(David_Bowie_song)]	[1792 1331 791 186 43 33 20]	[Stage_(David_Bowie_album) David_Bowie Fantastic_Voyage_(David_Bowie_song) DJ_(David_Bowie_song) Low_(David_Bowie_album) Let's_Dance_(David_Bowie_album)]	[435 200 108 94 68 13]
White_Light/White_Heat_(song)	[Without_You_(David_Bowie_song) David_Bowie_discography]	[64 37]	[David_Bowie]	[11]
Rod_Stewart	[David_Bowie]	[16]	[David_Bowie]	[16]
Scarlett_Johansson	[David_Bowie]	[14]	[David_Bowie]	[11]
Def_Leppard	[David_Bowie]	[14]	[David_Bowie]	[10]
Valentine's_Day_(David_Bowie_song)	[other-google The_Next_Day The_Next_Day_(song) Valentine's_Day_(disambiguation) other-wikipedia Love_Is_Lost other-empty David_Bowie_discography other-other other-bing other-yahoo]	[516 195 78 76 59 46 43 41 18 14 12]	[Love_Is_Lost The_Next_Day_(song) The_Next_Day David_Bowie Where_Are_We_Now?]	[70 68 56 31 11]
Hot_Space	[David_Bowie_discography]	[39]	[David_Bowie]	[23]
Young_Americans_(album)	[David_Bowie David_Bowie_discography Fame_(David_Bowie_song) Fascination_(David_Bowie_song) The_Platinum_Collection_(David_Bowie_album) Low_(David_Bowie_album) David_Bowie_(1969_album)]	[1836 1181 399 49 12 12 12]	[Fame_(David_Bowie_song) David_Bowie Fascination_(David_Bowie_song) Low_(David_Bowie_album) David_Bowie_(1969_album) David_Bowie_(1967_album) Let's_Dance_(David_Bowie_album) David_Bowie_discography]	[387 207 164 22 16 14 12 11]
Be_My_Wife	[Low_(David_Bowie_album) David_Bowie_discography "Heroes"_(David_Bowie_song)]	[131 41 27]	["Heroes"_(David_Bowie_song) Low_(David_Bowie_album) David_Bowie]	[74 30 13]
Arnold_Layne	[David_Bowie_discography]	[56]	[David_Bowie]	[10]
Duncan_Jones	[David_Bowie]	[7326]	[David_Bowie]	[1184]
Freddie_Mercury	[David_Bowie]	[62]	[David_Bowie]	[230]
I_Dig_Everything	[David_Bowie_discography Toy_(David_Bowie_album)]	[77 11]	[Toy_(David_Bowie_album)]	[10]
Sound_+_Vision_(box_set)	[David_Bowie_discography David_Bowie_(1969_album) David_Bowie_(box_set)]	[274 13 11]	[David_Bowie David_Bowie_(box_set)]	[15 13]
Life_on_Mars_(UK_TV_series)	[Ashes_to_Ashes_(David_Bowie_song)]	[20]	[David_Bowie]	[17]
Fame_(David_Bowie_song)	[other-google Young_Americans_(album) David_Bowie Fame David_Bowie_discography other-wikipedia other-empty Young_Americans_(song) other-bing other-yahoo Nothing_Has_Changed_(album) Pretty_Woman other-other John_Lennon List_of_Billboard_Hot_100_number-one_singles_of_1975 Billboard_Year-End_Hot_100_singles_of_1975 Golden_Years_(song) Touch_(Eurythmics_album) Rush_(2013_soundtrack) Best_of_Bowie Changesonebowie Main_Page Changesbowie Never_a_Dull_Moment_(Tommy_Lee_album) Never_Let_Me_Down_(song) James_Brown Death_of_John_Lennon other-twitter List_of_songs_in_Guitar_Hero_5 The_Blueprint Hot_(I_Need_to_Be_Loved,_Loved,_Loved) A_Reality_Tour_(album) "Happy"_in_Galoshes Station_to_Station]	[1891 387 264 247 208 192 164 121 82 76 63 54 52 52 40 36 33 30 26 21 20 20 19 19 17 16 16 15 14 12 11 11 10 10]	[Young_Americans_(album) Carlos_Alomar Golden_Years_(song) David_Bowie John_Lennon Young_Americans_(song) Hot_(I_Need_to_Be_Loved,_Loved,_Loved) Dennis_Davis Electric_Lady_Studios Changesbowie Real_Cool_World Across_the_Universe Rush_(2013_film) Space_Oddity_(song) Tony_Defries]	[399 197 142 133 69 52 29 26 21 20 20 15 12 10 10]
EMP_Museum	[David_Bowie]	[40]	[David_Bowie]	[18]
ZoÃ«_Poledouris	[Outside_(David_Bowie_album)]	[17]	[Outside_(David_Bowie_album)]	[24]
Isolar_II_â€“_The_1978_World_Tour	[List_of_David_Bowie_concert_tours Stage_(David_Bowie_album) David_Bowie]	[92 41 38]	[Stage_(David_Bowie_album)]	[16]
Merry_Christmas,_Mr._Lawrence	[David_Bowie]	[228]	[David_Bowie]	[227]
Rick_Wakeman	[David_Bowie_(1969_album) Changes_(David_Bowie_song)]	[43 16]	[David_Bowie]	[37]
SpongeBob_SquarePants	[David_Bowie]	[132]	[David_Bowie]	[15]
Liza_Jane_(David_Bowie_song)	[David_Bowie_discography other-google Nothing_Has_Changed_(album) David_Bowie other-empty I_Pity_the_Fool other-other Toy_(David_Bowie_album)]	[166 96 83 47 26 24 12 11]	[I_Pity_the_Fool David_Bowie Louie,_Louie_Go_Home]	[49 38 28]
Sons_of_the_Silent_Age	["Heroes"_(David_Bowie_song) Blackout_(David_Bowie_song)]	[44 10]	[Blackout_(David_Bowie_song)]	[42]
Lou_Reed	[David_Bowie]	[187]	[David_Bowie]	[118]
This_Is_Not_America	[David_Bowie_discography Tonight_(David_Bowie_album) David_Bowie]	[94 52 21]	[David_Bowie]	[26]
List_of_Rock_and_Roll_Hall_of_Fame_inductees	[David_Bowie]	[10]	[David_Bowie]	[104]
Bing_Crosby	[David_Bowie]	[12]	[David_Bowie]	[164]
Thursday's_Child_(David_Bowie_song)	[other-google 'Hours...' other-empty Nothing_Has_Changed_(album) David_Bowie_discography Thursday's_Child I_Can't_Read other-other Omikron:_The_Nomad_Soul Monday's_Child]	[403 97 96 69 43 30 22 12 11 10]	['Hours...' The_Pretty_Things_Are_Going_to_Hell Omikron:_The_Nomad_Soul Eartha_Kitt I_Can't_Read David_Bowie]	[93 37 24 19 11 11]
Carlos_Alomar	[Fame_(David_Bowie_song) David_Bowie Let's_Dance_(David_Bowie_album) Low_(David_Bowie_album) Ashes_to_Ashes_(David_Bowie_song) "Heroes"_(David_Bowie_song) Tonight_(David_Bowie_album) Stage_(David_Bowie_album)]	[197 104 31 31 23 22 20 14]	[David_Bowie Low_(David_Bowie_album) Tonight_(David_Bowie_album)]	[24 14 11]
Cher	[David_Bowie]	[394]	[David_Bowie]	[231]
Labyrinth_(David_Bowie_album)	[Tonight_(David_Bowie_album) other-google Labyrinth_(film) Never_Let_Me_Down David_Bowie_discography other-wikipedia other-empty As_the_World_Falls_Down Magic_Dance Underground_(David_Bowie_song) Labyrinth_(disambiguation) other-yahoo]	[1261 690 334 208 120 84 79 32 28 21 15 14]	[Never_Let_Me_Down Tonight_(David_Bowie_album) Magic_Dance As_the_World_Falls_Down Underground_(David_Bowie_song) Labyrinth_(film) Trevor_Jones_(composer) Andy_Williams_discography David_Bowie Christiane_F._(album) The_Buddha_of_Suburbia_(soundtrack)]	[1198 190 157 81 78 76 55 55 42 36 32]
Mike_Garson	[Outside_(David_Bowie_album)]	[12]	[David_Bowie]	[22]
Stay_(David_Bowie_song)	[Station_to_Station other-google TVC_15 David_Bowie_discography Suffragette_City Sound_and_Vision other-empty other-wikipedia other-other Stay]	[166 115 106 38 33 23 18 12 12 11]	[Suffragette_City TVC_15 Station_to_Station Wild_Is_the_Wind_(song) Sound_and_Vision Earl_Slick Word_on_a_Wing John,_I'm_Only_Dancing]	[79 32 23 21 17 15 14 14]
Life_on_Mars_(song)	[David_Bowie_discography David_Bowie]	[124 63]	[David_Bowie "Heroes"_(David_Bowie_song)]	[296 52]
Alter_ego	[David_Bowie]	[53]	[David_Bowie]	[105]
Drive-In_Saturday	[David_Bowie_discography Time_(David_Bowie_song)]	[60 24]	[Time_(David_Bowie_song)]	[69]
Queen_discography	[David_Bowie_discography]	[12]	[David_Bowie David_Bowie_discography]	[13 10]
Under_Pressure	[David_Bowie David_Bowie_discography Let's_Dance_(David_Bowie_album) The_Best_of_David_Bowie_1980/1987]	[303 135 31 10]	[David_Bowie]	[407]
Christiane_F._â€“_We_Children_from_Bahnhof_Zoo	[David_Bowie "Heroes"_(David_Bowie_song)]	[168 12]	[David_Bowie]	[46]
Hang_On_to_Yourself	[David_Bowie_discography Changes_(David_Bowie_song) Stage_(David_Bowie_album)]	[48 30 11]	[Changes_(David_Bowie_song)]	[11]
Transformer_(album)	[David_Bowie]	[33]	[David_Bowie]	[70]
Stevie_Ray_Vaughan	[Let's_Dance_(David_Bowie_album) Let's_Dance_(David_Bowie_song) David_Bowie]	[171 67 24]	[Let's_Dance_(David_Bowie_album) David_Bowie]	[77 68]
Where_Are_We_Now?	[David_Bowie_discography David_Bowie Valentine's_Day_(David_Bowie_song)]	[92 38 11]	[David_Bowie]	[30]
Bombers_(David_Bowie_song)	[Hunky_Dory other-google other-empty]	[54 50 13]	[Hunky_Dory]	[17]
Ashes_to_Ashes_(David_Bowie_song)	[other-google Steve_Strange Scary_Monsters_(And_Super_Creeps) Ashes_to_Ashes other-empty Major_Tom other-wikipedia David_Bowie Space_Oddity_(song) David_Bowie_discography other-bing Main_Page other-other other-yahoo Fashion_(David_Bowie_song) Ashes_to_Ashes_(TV_series) New_Romanticism Nothing_Has_Changed_(album) Crystal_Japan List_of_most_expensive_music_videos List_of_UK_Singles_Chart_number_ones_of_the_1980s David_Bowie_(1969_album) Action_Man Saturnine_Martial_&_Lunatic Best_of_Bowie The_Best_of_David_Bowie_1980/1987 Pierrot Music_video Scary_Monsters_(And_Super_Creeps)_(song)]	[2571 344 324 245 237 230 211 171 164 107 72 67 56 55 51 37 29 28 28 23 14 14 13 11 11 11 11 10 10]	[Scary_Monsters_(And_Super_Creeps) Major_Tom David_Bowie Fashion_(David_Bowie_song) Steve_Strange Darla_Jane_Gilroy Blitz_Kids Pierrot Hallo_Spaceboy Space_Oddity_(song) Lodger_(album) Chuck_Hammer Crystal_Japan Solarisation Tony_Visconti David_Mallet_(director) New_Romanticism Roland_GR-500 George_Murray_(musician) Carlos_Alomar Andy_Clark_(musician) Life_on_Mars_(UK_TV_series) Guitar_synthesizer Scary_Monsters_(And_Super_Creeps)_(song) Ashes_to_Ashes_(TV_series) We_Were_So_Turned_On:_A_Tribute_to_David_Bowie Low_(David_Bowie_album) Nothing_Has_Changed_(album) Dennis_Davis]	[439 164 139 138 112 105 99 94 69 49 43 43 42 41 40 37 31 29 26 23 21 20 19 19 16 15 15 10 10]
Black_Tie_White_Noise	[David_Bowie David_Bowie_discography Reality_(David_Bowie_album) Tonight_(David_Bowie_album) Let's_Dance_(David_Bowie_album) Outside_(David_Bowie_album)]	[765 656 17 14 13 11]	[David_Bowie Tonight_(David_Bowie_album) Outside_(David_Bowie_album) David_Bowie_discography]	[79 24 21 12]
Peter_Gabriel	["Heroes"_(David_Bowie_song)]	[33]	[David_Bowie]	[20]
Let's_Dance_(David_Bowie_album)	[other-google David_Bowie Scary_Monsters_(And_Super_Creeps) David_Bowie_discography Modern_Love_(song) Let's_Dance Let's_Dance_(David_Bowie_song) other-empty other-wikipedia China_Girl_(song) Ziggy_Stardust:_The_Motion_Picture Cat_People_(Putting_Out_Fire) Nile_Rodgers Stevie_Ray_Vaughan other-yahoo other-other other-bing Grammy_Award_for_Album_of_the_Year Stevie_Ray_Vaughan_discography Main_Page Tonight_(David_Bowie_album) "Heroes" Serious_Moonlight_Tour Hunky_Dory 1983_in_music Criminal_World Without_You_(David_Bowie_song) Christiane_F._(album) The_Rise_and_Fall_of_Ziggy_Stardust_and_the_Spiders_from_Mars Heathen_(album) Lodger_(album) List_of_awards_and_nominations_received_by_David_Bowie Low_(David_Bowie_album) Young_Americans_(album) Station_to_Station Tony_Thompson_(drummer) Outside_(David_Bowie_album) Cat_People_(1982_film)]	[3002 1825 1570 1133 401 332 328 307 230 230 207 155 153 77 72 71 62 54 51 29 29 25 25 22 22 18 18 14 14 13 13 13 12 12 12 11 11 10]	[Ziggy_Stardust:_The_Motion_Picture Let's_Dance_(David_Bowie_song) Scary_Monsters_(And_Super_Creeps) China_Girl_(song) Modern_Love_(song) David_Bowie Tin_Machine Tonight_(David_Bowie_album) Cat_People_(Putting_Out_Fire) Stevie_Ray_Vaughan Nile_Rodgers Without_You_(David_Bowie_song) Criminal_World Never_Let_Me_Down Carmine_Rojas Iggy_Pop Post-disco The_Idiot_(album) Phil_Collins Tony_Thompson_(drummer) Omar_Hakim The_Velvet_Underground NME's_The_500_Greatest_Albums_of_All_Time Under_Pressure Carlos_Alomar Giorgio_Moroder Bob_Clearmountain Tony_Visconti The_Next_Day Heathen_(album) Picture_disc Billy_Joel Bernard_Edwards Black_Tie_White_Noise Chic_(band) Avatar_Studios Serious_Moonlight_Tour Outside_(David_Bowie_album) Friday_Night_with_Jonathan_Ross Robert_Sabino "Heroes" The_Buddha_of_Suburbia_(soundtrack) The_Rise_and_Fall_of_Ziggy_Stardust_and_the_Spiders_from_Mars]	[1293 649 349 338 313 284 246 245 189 171 159 127 122 76 56 55 53 48 47 40 35 34 33 31 31 29 26 21 18 17 15 15 14 13 12 12 12 11 11 11 10 10 10]
Without_You_(David_Bowie_song)	[Let's_Dance_(David_Bowie_album) Modern_Love_(song) David_Bowie_discography other-google Without_You other-empty Let's_Dance_(David_Bowie_song)]	[127 63 36 28 25 17 12]	[White_Light/White_Heat_(song) Let's_Dance_(David_Bowie_album)]	[64 18]
Time_(David_Bowie_song)	[other-google Aladdin_Sane Drive-In_Saturday David_Bowie_discography Cracked_Actor_(song) Billy_Murcia Let's_Spend_the_Night_Together other-empty other-wikipedia]	[187 156 69 50 29 29 20 19 18]	[Let's_Spend_the_Night_Together The_Prettiest_Star Methaqualone Drive-In_Saturday Aladdin_Sane David_Bowie]	[68 34 30 24 22 14]
Ziggy_Stardust	[David_Bowie]	[23]	[David_Bowie]	[985]
Slow_Burn_(David_Bowie_song)	[other-google Heathen_(album) Nothing_Has_Changed_(album) David_Bowie_discography other-empty Seven_(David_Bowie_song) other-wikipedia Slow_Burn]	[117 105 66 45 25 19 12 10]	[Heathen_(album)]	[82]
Nile_Rodgers	[Let's_Dance_(David_Bowie_album) Let's_Dance_(David_Bowie_song) David_Bowie]	[159 80 29]	[Let's_Dance_(David_Bowie_album) David_Bowie Let's_Dance_(David_Bowie_song)]	[153 78 19]
Butterfly_Boucher	[Changes_(David_Bowie_song) David_Bowie]	[52 15]	[Changes_(David_Bowie_song)]	[15]
The_Rolling_Stones	[David_Bowie]	[27]	[David_Bowie]	[24]
Tin_Machine_II	[David_Bowie_discography David_Bowie]	[343 51]	[David_Bowie]	[14]
List_of_David_Bowie_concert_tours	[other-google other-empty David_Bowie other-wikipedia other-other other-yahoo]	[945 154 100 61 31 13]	[A_Reality_Tour Ziggy_Stardust_Tour Serious_Moonlight_Tour Sound+Vision_Tour Isolar_II_â€“_The_1978_World_Tour Heathen_Tour Glass_Spider_Tour Outside_Tour Isolar_â€“_1976_Tour Diamond_Dogs_Tour Earthling_Tour The_Hours..._Tour Outside_Summer_Festivals_Tour Mini_Tour_(David_Bowie) David_Bowie]	[185 124 111 102 92 89 86 85 80 79 75 56 55 55 34]
China_Girl_(song)	[Let's_Dance_(David_Bowie_album) Let's_Dance_(David_Bowie_song) David_Bowie_discography David_Bowie]	[338 141 107 44]	[Let's_Dance_(David_Bowie_album) David_Bowie Let's_Dance_(David_Bowie_song)]	[230 103 63]
"Heroes"_(David_Bowie_song)	[other-google "Heroes" Heroes_(We_Could_Be) other-wikipedia other-empty Heroes The_Perks_of_Being_a_Wallflower_(film) other-bing other-other What_Makes_You_Beautiful other-yahoo David_Bowie_discography List_of_songs_recorded_by_One_Direction Worlds_Collide Be_My_Wife The_Wallflowers_discography Godzilla:_The_Album Curtain_Call_(American_Horror_Story) Lone_Survivor_(film) On_the_Road_Again_Tour Life_on_Mars_(song) The_Wallflowers List_of_songs_about_the_Cold_War Nothing_Has_Changed_(album) Scratch_My_Back Joe_the_Lion David_Bowie Just_for_One_Day_(Heroes) Blondie_discography Christiane_F._(album) Beauty_and_the_Beast_(David_Bowie_song) One_Direction_discography Main_Page Electric_Lady_(Janelle_MonÃ¡e_song) The_Freddie_Mercury_Tribute_Concert Symphony_No._4_(Glass) D'You_Know_What_I_Mean? Best_of_Bowie Jessica_Lange_discography Pepsi_Beats_of_the_Beautiful_Game Moulin_Rouge! Janelle_MonÃ¡e_discography The_Concert_for_New_York_City Live_Aid War_Child_Presents_Heroes Valerie_(The_Zutons_song) You_Are_Not_Alone Cher_Lloyd_discography The_Pitchfork_500 Three_Marlenas TV_on_the_Radio Dynamic_Duets List_of_One_Direction_members Rocket_Man_(song) Helden_(disambiguation) Cover_Me_(album) List_of_songs_in_Glee_(season_4) Heroes:_Original_Soundtrack]	[5763 952 624 598 527 455 352 192 179 162 135 118 106 74 74 69 67 65 60 54 52 50 50 46 43 42 40 35 32 31 31 29 29 27 26 25 22 22 21 20 20 20 20 18 18 18 15 14 12 12 11 11 11 10 10 10 10 10]	["Heroes" David_Bowie Brian_Eno Berlin_Wall The_Wallflowers Rebel_Rebel Tony_Visconti Scratch_My_Back Beauty_and_the_Beast_(David_Bowie_song) Heroes Robert_Fripp Godzilla_(1998_film) Mary_Hopkin Heroes_(We_Could_Be) The_Perks_of_Being_a_Wallflower_(film) War_Child_Presents_Heroes Neu! Krautrock What_Makes_You_Beautiful Curtain_Call_(American_Horror_Story) Sons_of_the_Silent_Age Ashes_to_Ashes_(TV_series) The_Perks_of_Being_a_Wallflower TV_on_the_Radio Peter_Gabriel Rolling_Stone's_500_Greatest_Songs_of_All_Time Hansa_Tonstudio V-2_Schneider You_Don't_Have_to_Live_Like_a_Referee Jessica_Lange Be_My_Wife American_Horror_Story:_Freak_Show Wall_of_Sound Scare_quotes Janelle_MonÃ¡e Lone_Survivor_(film) Audio_feedback George_Murray_(musician) Carlos_Alomar Antitrust_(film) Noise_gate Nothing_Has_Changed_(album) You_Are_Not_Alone Main_Page Wishing_on_a_Star Shirley_Manson D'You_Know_What_I_Mean? Nocturnal_emission All_Along_the_Watchtower Joe_the_Lion List_of_The_X_Factor_finalists_(UK_series_7) The_Concert_for_New_York_City Violent_Femmes_discography Christiane_F._â€“_We_Children_from_Bahnhof_Zoo Dennis_Davis Tangerine_Dream Apocalyptica The_X_Factor_(UK_TV_series) EMS_VCS_3 One_Direction The_Singles_Collection_(David_Bowie_album) We_Can_Be_Heroes:_Finding_The_Australian_of_the_Year]	[748 497 198 133 119 114 110 100 79 74 71 65 63 59 56 50 49 48 46 44 44 40 40 38 33 30 30 30 30 28 27 27 26 25 25 25 23 23 22 20 19 19 19 19 16 16 15 14 13 13 13 13 13 12 12 12 11 11 10 10 10 10]
John,_I'm_Only_Dancing	[David_Bowie_discography David_Bowie The_Platinum_Collection_(David_Bowie_album) Stay_(David_Bowie_song)]	[174 21 16 14]	[David_Bowie The_Singles_Collection_(David_Bowie_album)]	[29 13]
Pin_Ups_(album)	[David_Bowie David_Bowie_discography Reality_(David_Bowie_album) Tonight_(David_Bowie_album) David_Bowie_(1967_album) David_Bowie_(1969_album)]	[1262 1054 16 15 11 10]	[David_Bowie Reality_(David_Bowie_album)]	[104 19]
David_Live	[David_Bowie_discography Stage_(David_Bowie_album) David_Bowie]	[327 50 45]	[Stage_(David_Bowie_album) David_Bowie]	[33 27]
Mini_Tour_(David_Bowie)	[The_Hours..._Tour other-google List_of_David_Bowie_concert_tours Heathen_Tour other-empty other-wikipedia]	[68 67 55 35 11 11]	[Heathen_Tour The_Hours..._Tour Emm_Gryner Holly_Palmer]	[66 37 15 11]
SpongeBob's_Atlantis_SquarePantis	[David_Bowie]	[220]	[David_Bowie]	[71]
James_Bowie	[David_Bowie]	[105]	[David_Bowie]	[53]
Twin_Peaks:_Fire_Walk_with_Me	[David_Bowie]	[141]	[David_Bowie]	[164]
Brixton	[David_Bowie]	[398]	[David_Bowie]	[33]
Trent_Reznor	[David_Bowie]	[15]	[Low_(David_Bowie_album) David_Bowie]	[104 35]
Grammy_Lifetime_Achievement_Award	[List_of_awards_and_nominations_received_by_David_Bowie]	[28]	[David_Bowie]	[22]
It's_Hard_to_Be_a_Saint_in_the_City	[The_Platinum_Collection_(David_Bowie_album)]	[11]	[David_Bowie]	[16]
Andy_Warhol	[David_Bowie]	[34]	[David_Bowie]	[79]
The_Best_of_David_Bowie_1969/1974	[David_Bowie_discography other-google The_Best_of_David_Bowie_1974/1979 The_Deram_Anthology_1966â€“1968 other-empty other-wikipedia All_the_Young_Dudes The_Platinum_Collection_(David_Bowie_album) David_Bowie Velvet_Goldmine_(song)]	[209 115 42 38 34 30 19 17 15 13]	[The_Best_of_David_Bowie_1974/1979 The_Deram_Anthology_1966â€“1968 The_Platinum_Collection_(David_Bowie_album)]	[92 16 11]
Knock_on_Wood_(song)	[David_Bowie_discography]	[49]	[David_Bowie]	[18]
VH1_Storytellers_(David_Bowie_album)	[Glass_Spider_Live A_Reality_Tour_(album) David_Bowie_discography other-google other-empty other-wikipedia]	[704 178 156 87 19 19]	[A_Reality_Tour_(album) Glass_Spider_Live Aladdin_Sane]	[697 164 12]
Trevor_Bolder	[David_Bowie]	[14]	[David_Bowie]	[19]
John_Lennon	[Fame_(David_Bowie_song) David_Bowie]	[69 28]	[David_Bowie Fame_(David_Bowie_song)]	[105 52]
Sorrow_(The_McCoys_song)	[David_Bowie_discography]	[61]	[David_Bowie]	[18]
Pete_Townshend	[David_Bowie]	[13]	[David_Bowie]	[14]
Scary_Monsters_(And_Super_Creeps)	[David_Bowie David_Bowie_discography Ashes_to_Ashes_(David_Bowie_song) Let's_Dance_(David_Bowie_album) Fashion_(David_Bowie_song) Low_(David_Bowie_album) Reality_(David_Bowie_album) Outside_(David_Bowie_album)]	[1560 1061 439 349 112 25 24 12]	[Let's_Dance_(David_Bowie_album) Ashes_to_Ashes_(David_Bowie_song) David_Bowie Fashion_(David_Bowie_song) Low_(David_Bowie_album) Tonight_(David_Bowie_album) David_Bowie_(1969_album) Reality_(David_Bowie_album) David_Bowie_(1967_album)]	[1570 324 204 147 42 25 15 14 13]
Kate_Moss	[David_Bowie]	[45]	[David_Bowie]	[14]
Subterraneans	[Low_(David_Bowie_album)]	[155]	[Low_(David_Bowie_album)]	[28]
The_Deram_Anthology_1966â€“1968	[David_Bowie_discography David_Bowie_(1967_album) The_Best_of_David_Bowie_1969/1974 David_Bowie]	[125 26 16 11]	[The_Best_of_David_Bowie_1969/1974 David_Bowie_(1967_album) David_Bowie_(1969_album)]	[38 17 12]
Basquiat_(film)	[David_Bowie]	[209]	[David_Bowie Outside_(David_Bowie_album)]	[128 19]
Changesbowie	[David_Bowie_discography Fame_(David_Bowie_song)]	[329 20]	[Changes_(David_Bowie_song) Fame_(David_Bowie_song) David_Bowie Tonight_(David_Bowie_album)]	[24 19 16 12]
Breaking_Glass_(song)	[Low_(David_Bowie_album) Beauty_and_the_Beast_(David_Bowie_song) David_Bowie_discography Speed_of_Life_(David_Bowie_song) Stage_(David_Bowie_album)]	[140 69 50 49 13]	[Low_(David_Bowie_album) Stage_(David_Bowie_album) Beauty_and_the_Beast_(David_Bowie_song) Speed_of_Life_(David_Bowie_song)]	[19 17 15 11]
The_Man_Who_Fell_to_Earth_(film)	[David_Bowie Low_(David_Bowie_album)]	[745 74]	[David_Bowie Low_(David_Bowie_album)]	[256 65]
Peter_Frampton	[David_Bowie]	[125]	[David_Bowie]	[105]
Ziggy_Stardust_and_the_Spiders_from_Mars_(film)	[David_Bowie David_Bowie_discography]	[223 31]	[David_Bowie David_Bowie_(1969_album)]	[128 11]
Kraftwerk	[David_Bowie Low_(David_Bowie_album)]	[50 12]	[David_Bowie]	[26]
The_Elephant_Man_(play)	[David_Bowie]	[66]	[David_Bowie]	[70]
Criminal_World	[Let's_Dance_(David_Bowie_album)]	[122]	[Let's_Dance_(David_Bowie_album)]	[18]
I'm_Afraid_of_Americans	[David_Bowie_discography David_Bowie]	[75 41]	[David_Bowie Outside_(David_Bowie_album) We_Were_So_Turned_On:_A_Tribute_to_David_Bowie]	[81 29 13]
Giorgio_Moroder	[Let's_Dance_(David_Bowie_album)]	[29]	[David_Bowie]	[73]
Christiane_F._(album)	[David_Bowie_discography David_Bowie Labyrinth_(David_Bowie_album)]	[105 36 36]	["Heroes"_(David_Bowie_song) Let's_Dance_(David_Bowie_album)]	[31 14]
The_Beatles	[David_Bowie]	[30]	[David_Bowie]	[13]
Annie_Lennox	[David_Bowie]	[54]	[David_Bowie]	[50]
The_Stars_(Are_Out_Tonight)	[David_Bowie_discography]	[52]	[David_Bowie]	[26]
The_Thin_White_Duke	[David_Bowie]	[433]	[David_Bowie Low_(David_Bowie_album)]	[339 70]
The_Jean_Genie	[David_Bowie_discography David_Bowie]	[104 36]	[David_Bowie]	[48]
Changesonebowie	[David_Bowie_discography]	[455]	[Fame_(David_Bowie_song) David_Bowie]	[20 14]
Heroes	["Heroes"_(David_Bowie_song)]	[74]	["Heroes"_(David_Bowie_song)]	[455]
Heathen_Tour	[David_Bowie List_of_David_Bowie_concert_tours Mini_Tour_(David_Bowie)]	[145 89 66]	[Mini_Tour_(David_Bowie) Low_(David_Bowie_album) David_Bowie]	[35 16 10]
Reflektor_(song)	[David_Bowie David_Bowie_discography]	[44 11]	[David_Bowie]	[42]
'Hours...'	[David_Bowie David_Bowie_discography Thursday's_Child_(David_Bowie_song) Seven_(David_Bowie_song) Outside_(David_Bowie_album) Reality_(David_Bowie_album)]	[702 655 93 48 13 11]	[Thursday's_Child_(David_Bowie_song) Seven_(David_Bowie_song) David_Bowie Reality_(David_Bowie_album) Outside_(David_Bowie_album)]	[97 62 46 16 10]
Blackout_(David_Bowie_song)	["Heroes" other-google Sons_of_the_Silent_Age V-2_Schneider]	[90 50 42 16]	[V-2_Schneider "Heroes" Sons_of_the_Silent_Age]	[38 17 10]
New_Romanticism	[David_Bowie Ashes_to_Ashes_(David_Bowie_song) Fashion_(David_Bowie_song)]	[51 31 14]	[Ashes_to_Ashes_(David_Bowie_song) David_Bowie]	[29 21]
The_Last_Temptation_of_Christ_(film)	[David_Bowie]	[271]	[David_Bowie]	[154]
The_Collection_(David_Bowie_album)	[David_Bowie_discography other-google other-wikipedia David_Bowie Best_of_Bowie]	[168 42 19 14 13]	[Best_of_Bowie]	[14]
David_Bowie_(1967_album)	[David_Bowie David_Bowie_discography David_Bowie_(1969_album) other-google other-empty other-wikipedia David_Bowie_(disambiguation) 1967_in_music The_World_of_David_Bowie Love_You_till_Tuesday_(song) other-other The_Rise_and_Fall_of_Ziggy_Stardust_and_the_Spiders_from_Mars Best_of_Bowie The_Man_Who_Sold_the_World_(album) Hunky_Dory Rubber_Band_(song) Nothing_Has_Changed_(album) "Heroes" The_Deram_Anthology_1966â€“1968 Young_Americans_(album) The_Life_Aquatic_Studio_Sessions Scary_Monsters_(And_Super_Creeps) The_Laughing_Gnome The_Next_Day Diamond_Dogs other-yahoo Toy_(David_Bowie_album) Aladdin_Sane other-bing Main_Page]	[2842 1814 866 734 178 153 50 41 40 29 27 26 24 24 22 20 20 17 17 14 14 13 13 13 12 12 12 12 11 10]	[David_Bowie_(1969_album) David_Bowie Rubber_Band_(song) Love_You_till_Tuesday_(song) The_Laughing_Gnome The_Rise_and_Fall_of_Ziggy_Stardust_and_the_Spiders_from_Mars Space_Oddity_(song) The_Deram_Anthology_1966â€“1968 Baroque_pop Mike_Vernon_(record_producer) The_Man_Who_Sold_the_World_(album) Max_Miller_(comedian) Music_hall Deram_Records The_London_Boys The_Next_Day Drum_rudiment Pin_Ups_(album) Anthony_Newley Gus_Dudgeon Hunky_Dory Love_You_till_Tuesday_(film)]	[1484 206 115 72 57 47 28 26 25 25 22 20 18 16 12 11 11 11 10 10 10 10]
Earl_Slick	[Reality_(David_Bowie_album) Stay_(David_Bowie_song) David_Bowie Toy_(David_Bowie_album)]	[16 15 13 12]	[David_Bowie]	[22]
A_Reality_Tour	[List_of_David_Bowie_concert_tours David_Bowie Reality_(David_Bowie_album)]	[185 99 39]	[David_Bowie Reality_(David_Bowie_album)]	[21 17]
Mick_Jagger	[David_Bowie David_Bowie_discography]	[413 23]	[David_Bowie]	[280]
Love_Is_Lost	[Valentine's_Day_(David_Bowie_song) David_Bowie_discography]	[70 51]	[Valentine's_Day_(David_Bowie_song) David_Bowie]	[46 15]
Bob_Dylan	[David_Bowie]	[33]	[David_Bowie]	[76]
Never_Let_Me_Down_(song)	[David_Bowie_discography David_Bowie]	[37 10]	[Fame_(David_Bowie_song)]	[17]
Nothing_Has_Changed_(album)	[David_Bowie_discography David_Bowie Toy_(David_Bowie_album) Let's_Dance_(David_Bowie_song) "Heroes"_(David_Bowie_song) Absolute_Beginners_(David_Bowie_song) Ashes_to_Ashes_(David_Bowie_song)]	[1199 622 20 20 19 14 10]	[Toy_(David_Bowie_album) David_Bowie Liza_Jane_(David_Bowie_song) Strangers_When_We_Meet_(David_Bowie_song) Seven_(David_Bowie_song) Thursday's_Child_(David_Bowie_song) Slow_Burn_(David_Bowie_song) Fame_(David_Bowie_song) Absolute_Beginners_(David_Bowie_song) "Heroes"_(David_Bowie_song) Ashes_to_Ashes_(David_Bowie_song) Changes_(David_Bowie_song) David_Bowie_discography Fashion_(David_Bowie_song) Let's_Dance_(David_Bowie_song) David_Bowie_(1967_album) Reality_(David_Bowie_album) The_Best_of_David_Bowie_1980/1987 The_Singles_Collection_(David_Bowie_album)]	[224 217 83 74 71 69 66 63 47 46 28 28 25 23 22 20 11 11 10]
Station_to_Station_(song)	[David_Bowie_discography]	[32]	[David_Bowie]	[16]
Lake_Geneva	[David_Bowie]	[26]	[David_Bowie]	[18]
Yellowbeard	[David_Bowie]	[95]	[David_Bowie]	[22]
The_Velvet_Underground	[David_Bowie Let's_Dance_(David_Bowie_album)]	[41 34]	[David_Bowie]	[25]
Jareth	[David_Bowie]	[271]	[David_Bowie Underground_(David_Bowie_song)]	[79 23]
Rebel_Rebel	["Heroes"_(David_Bowie_song) David_Bowie_discography David_Bowie Sweet_Thing_(David_Bowie_song) Reality_(David_Bowie_album)]	[114 101 57 16 15]	[David_Bowie]	[127]
Lone_Survivor_(film)	["Heroes"_(David_Bowie_song)]	[25]	["Heroes"_(David_Bowie_song)]	[60]
Beauty_and_the_Beast_(David_Bowie_song)	["Heroes" other-google "Heroes"_(David_Bowie_song) David_Bowie_discography Beauty_and_the_Beast_(disambiguation) other-wikipedia Joe_the_Lion Breaking_Glass_(song) other-empty]	[200 107 79 44 20 18 17 15 13]	[Breaking_Glass_(song) Joe_the_Lion "Heroes"_(David_Bowie_song) "Heroes"]	[69 39 31 30]
Oh!_You_Pretty_Things	[Changes_(David_Bowie_song)]	[42]	[David_Bowie]	[19]
Labyrinth_(film)	[David_Bowie Labyrinth_(David_Bowie_album) Underground_(David_Bowie_song)]	[1091 76 13]	[David_Bowie Labyrinth_(David_Bowie_album) Underground_(David_Bowie_song)]	[1023 334 35]
The_Prestige_(film)	[David_Bowie]	[602]	[David_Bowie]	[1486]
All_Saints_(David_Bowie_album)	[David_Bowie_discography other-google Bowie_at_the_Beeb other-wikipedia Abdulmajid_(instrumental) other-empty Some_Are All_Saints V-2_Schneider Crystal_Japan]	[140 139 48 25 19 17 15 14 14 10]	[Low_(David_Bowie_album) Best_of_Bowie Crystal_Japan David_Bowie The_Mysteries]	[27 17 16 12 12]
Jump_They_Say	[David_Bowie_discography David_Bowie]	[55 13]	[David_Bowie]	[17]
Adrian_Belew	[David_Bowie Stage_(David_Bowie_album)]	[40 18]	[David_Bowie Stage_(David_Bowie_album)]	[36 34]
David_Bowie_discography	[other-google David_Bowie other-empty other-wikipedia Main_Page other-yahoo other-bing other-other Bryan_Ferry_discography BT_discography John_Mellencamp_discography Culture_Club_discography Nothing_Has_Changed_(album) The_Rolling_Stones_(album) The_Next_Day Dan_Black The_SpongeBob_Movie:_Sponge_Out_of_Water The_Rise_and_Fall_of_Ziggy_Stardust_and_the_Spiders_from_Mars David_Allan_Coe_discography Crosby,_Stills,_Nash_&_Young_discography Love_You_till_Tuesday_(song) other-twitter Thinkin'_Problem Black_Tie_White_Noise Stevie_Wonder_discography Never_Let_Me_Down Station_to_Station Bow_Wow_Wow 1001_Albums_You_Must_Hear_Before_You_Die The_Beatles_discography Young_Americans_(album) David_Bowie_(1969_album) Bob_Dylan_discography Hunky_Dory Boston_discography Hagiography The_Smashing_Pumpkins_discography Queen_discography Simon_&_Garfunkel_discography]	[10869 9032 1995 1136 984 637 415 281 50 35 31 30 25 21 20 17 17 17 16 15 15 14 13 12 12 12 12 11 11 11 11 10 10 10 10 10 10 10 10]	[David_Bowie_(1969_album) David_Bowie_(1967_album) The_Rise_and_Fall_of_Ziggy_Stardust_and_the_Spiders_from_Mars Hunky_Dory The_Man_Who_Sold_the_World_(album) Aladdin_Sane The_Next_Day Diamond_Dogs Nothing_Has_Changed_(album) Young_Americans_(album) Station_to_Station Let's_Dance_(David_Bowie_album) "Heroes" Scary_Monsters_(And_Super_Creeps) Pin_Ups_(album) Low_(David_Bowie_album) Tonight_(David_Bowie_album) Lodger_(album) Never_Let_Me_Down Outside_(David_Bowie_album) Heathen_(album) Best_of_Bowie Black_Tie_White_Noise 'Hours...' Earthling_(album) Reality_(David_Bowie_album) Tin_Machine_(album) Changesonebowie David_Bowie The_Singles_Collection_(David_Bowie_album) Tin_Machine_II Changesbowie David_Live The_Platinum_Collection_(David_Bowie_album) Space_Oddity_(song) The_Best_of_Bowie Stage_(David_Bowie_album) Sound_+_Vision_(box_set) Ziggy_Stardust:_The_Motion_Picture A_Reality_Tour_(album) The_Best_of_David_Bowie_1969/1974 Fame_(David_Bowie_song) Changestwobowie The_Best_of_David_Bowie_1980/1987 The_World_of_David_Bowie ISelect John,_I'm_Only_Dancing Let's_Dance_(David_Bowie_song) Santa_Monica_'72 The_Collection_(David_Bowie_album) Liza_Jane_(David_Bowie_song) Glass_Spider_Live Bowie_at_the_Beeb VH1_Storytellers_(David_Bowie_album) The_Best_of_David_Bowie_1974/1979 Rare_(David_Bowie_album) Images_1966â€“1967 Sue_(Or_in_a_Season_of_Crime) All_Saints_(David_Bowie_album) Live_Santa_Monica_'72 Under_Pressure Golden_Years_(album) The_Buddha_of_Suburbia_(soundtrack) The_Deram_Anthology_1966â€“1968 The_Laughing_Gnome Life_on_Mars_(song) Changes_(David_Bowie_song) Labyrinth_(David_Bowie_album) Dancing_in_the_Street "Heroes"_(David_Bowie_song) Rarest_One_Bowie Can't_Help_Thinking_About_Me Absolute_Beginners_(David_Bowie_song) Moonage_Daydream Ashes_to_Ashes_(David_Bowie_song) Baal_(EP) China_Girl_(song) Tin_Machine_Live:_Oy_Vey,_Baby Christiane_F._(album) The_Jean_Genie Rebel_Rebel Early_On_(1964â€“1966) Cat_People_(Putting_Out_Fire) Club_Bowie Love_You_till_Tuesday_(album) The_Prettiest_Star Starman_(song) This_Is_Not_America Young_Americans_(song) Where_Are_We_Now? Golden_Years_(song) Do_Anything_You_Say Alabama_Song I_Pity_the_Fool Fame_and_Fashion You've_Got_a_Habit_of_Leaving The_Man_Who_Sold_the_World Album Blue_Jean Modern_Love_(song) I_Dig_Everything Suffragette_City I'm_Afraid_of_Americans Ziggy_Stardust_(song) Ragazzo_solo,_ragazza_sola Rubber_Band_(song) Holy_Holy Rebel_Never_Gets_Old Love_You_till_Tuesday_(song) Fashion_(David_Bowie_song) Day-In_Day-Out Sorrow_(The_McCoys_song) Tin_Machine Drive-In_Saturday Sound_and_Vision When_the_Wind_Blows_(song) Peace_on_Earth/Little_Drummer_Boy Arnold_Layne Hallo_Spaceboy Jump_They_Say Real_Cool_World Rock_'n'_Roll_Suicide The_Stars_(Are_Out_Tonight) Love_Is_Lost Diamond_Dogs_(song) Time_(David_Bowie_song) Underground_(David_Bowie_song) Breaking_Glass_(song) Wild_Is_the_Wind_(song) Knock_on_Wood_(song) Loving_the_Alien Hang_On_to_Yourself Let's_Spend_the_Night_Together Absolute_Beginners_(film) The_Buddha_of_Suburbia_(song) Time_Will_Crawl Crystal_Japan Scary_Monsters_(And_Super_Creeps)_(song) The_Hearts_Filthy_Lesson Live_EP_(Live_at_Fashion_Rocks) Slow_Burn_(David_Bowie_song) Seven_(David_Bowie_song) 1984_(song) Beauty_and_the_Beast_(David_Bowie_song) Little_Wonder_(song) Thursday's_Child_(David_Bowie_song) Memory_of_a_Free_Festival Magic_Dance Tonight_(Iggy_Pop_song) Be_My_Wife Strangers_When_We_Meet_(David_Bowie_song) Valentine's_Day_(David_Bowie_song) Boys_Keep_Swinging Look_Back_in_Anger_(song) Hot_Space TVC_15 Never_Get_Old I_Can't_Read Stay_(David_Bowie_song) The_Falcon_and_the_Snowman_(album) Yassassin Compilation_album New_Killer_Star White_Light/White_Heat_(song) Never_Let_Me_Down_(song) Up_the_Hill_Backwards DJ_(David_Bowie_song) Without_You_(David_Bowie_song) Rock_'n'_Roll_with_Me The_Pretty_Things_Are_Going_to_Hell I've_Been_Waiting_for_You_(Neil_Young_song) Without_You_I'm_Nothing_(song) Pallas_Athena_(song) Miracle_Goodnight Dead_Man_Walking_(song) A_Reality_Tour_(film) Black_Tie_White_Noise_(song) Station_to_Station_(song) The_Next_Day_(song) Ziggy_Stardust_and_the_Spiders_from_Mars_(film) Telling_Lies Serious_Moonlight_(1983_film) When_the_Wind_Blows_(1986_film) Glass_Spider Tin_Machine_(song) Arnold_Corns Under_the_God Main_Page Single_(music) Elton_John Mick_Jagger You_Belong_in_Rock_n'_Roll Cool_World_(soundtrack) Cat_People_(1982_film) Toy_(David_Bowie_album) Baby_Universal One_Shot_(Tin_Machine_song) Prisoner_of_Love_(Tin_Machine_song) All_the_Young_Dudes Anywhere_I_Lay_My_Head The_Ice_Storm_(soundtrack) Love_You_till_Tuesday_(film) Maggie's_Farm Bowie_â€“_The_Video_Collection The_Rolling_Stones_discography David_Bowie_Narrates_Prokofiev's_Peter_and_the_Wolf David_Gilmour Queen_discography Just_a_Gigolo_(1978_film) The_Idiot_(album) Deep_Purple Eric_Clapton_discography Jazzin'_for_Blue_Jean Queen_(band) Reflektor_(song) Mick_Ronson Ziggy_Stardust_Tour Dire_Straits_discography]	[1822 1814 1608 1555 1463 1375 1324 1213 1199 1181 1178 1133 1076 1061 1054 1015 905 791 723 677 665 664 656 655 642 622 559 455 354 345 343 329 327 323 306 298 297 274 242 232 209 208 202 202 189 180 174 171 170 168 166 163 157 156 154 150 143 142 140 139 135 134 128 125 124 124 120 120 119 118 117 114 112 112 107 107 107 107 105 104 101 100 100 99 98 96 95 94 93 92 91 87 86 86 85 85 82 81 78 78 77 76 75 73 69 68 67 67 65 62 61 61 61 60 60 60 57 56 55 55 53 53 52 51 51 50 50 50 50 49 49 48 48 48 48 47 46 46 46 45 45 44 44 44 44 43 43 42 42 41 41 41 40 40 39 39 39 38 38 38 38 38 38 37 37 36 36 36 35 35 35 35 34 34 33 33 32 32 32 31 30 28 28 26 26 25 25 24 24 23 23 23 22 22 22 20 20 20 19 19 19 18 18 15 14 12 12 12 11 11 11 11 11 11 11 10 10 10]
Krautrock	["Heroes"_(David_Bowie_song) David_Bowie]	[48 47]	[David_Bowie]	[29]
Elvis_Presley	[David_Bowie]	[36]	[David_Bowie]	[12]
Changes_(David_Bowie_song)	[other-google Hunky_Dory other-empty other-wikipedia Changes List_of_songs_featured_in_Shrek David_Bowie_discography The_Breakfast_Club other-bing other-yahoo other-other Starman_(song) David_Bowie Ch-Ch-Changes Nothing_Has_Changed_(album) Changesbowie Space_Oddity_(song) Moonage_Daydream Main_Page Best_of_Bowie Butterfly_Boucher Hang_On_to_Yourself Rock_'n'_Roll_Suicide]	[2111 347 178 154 139 126 120 86 82 59 53 44 36 35 28 24 23 18 18 17 15 11 10]	[Hunky_Dory David_Bowie Starman_(song) Butterfly_Boucher Andy_Warhol_(song) Oh!_You_Pretty_Things The_Man_Who_Sold_the_World Hang_On_to_Yourself Rolling_Stone's_500_Greatest_Songs_of_All_Time Moonage_Daydream Shrek_2 Mick_Ronson Rick_Wakeman The_Rise_and_Fall_of_Ziggy_Stardust_and_the_Spiders_from_Mars The_Breakfast_Club Glam_rock Changes Confessions_of_a_Teenage_Drama_Queen]	[336 173 58 52 49 42 41 30 20 17 17 16 16 16 12 11 10 10]
Let's_Spend_the_Night_Together	[Time_(David_Bowie_song) David_Bowie_discography]	[68 48]	[Time_(David_Bowie_song) David_Bowie]	[20 18]
Young_Americans_(song)	[David_Bowie_discography Fame_(David_Bowie_song)]	[93 52]	[Fame_(David_Bowie_song) David_Bowie]	[121 45]
The_Hunger_(1983_film)	[David_Bowie]	[302]	[David_Bowie]	[161]
The_Idiot_(album)	[David_Bowie Let's_Dance_(David_Bowie_album) David_Bowie_discography]	[103 48 11]	[David_Bowie Low_(David_Bowie_album)]	[119 67]
Stage_(David_Bowie_album)	["Heroes" Lodger_(album) other-google David_Bowie_discography other-empty other-wikipedia Stage Adrian_Belew David_Live David_Bowie other-yahoo Breaking_Glass_(song) Isolar_II_â€“_The_1978_World_Tour other-other other-bing]	[1905 435 396 297 57 41 35 34 33 26 21 17 16 15 11]	[Lodger_(album) "Heroes" David_Live Isolar_II_â€“_The_1978_World_Tour David_Bowie The_Rise_and_Fall_of_Ziggy_Stardust_and_the_Spiders_from_Mars Adrian_Belew Carlos_Alomar Breaking_Glass_(song) Dennis_Davis Sean_Mayes Simon_House Hang_On_to_Yourself The_Quietus Glass_Spider Alabama_Song George_Murray_(musician) Station_to_Station Warszawa_(song)]	[1792 395 50 41 24 19 18 14 13 12 12 12 11 11 10 10 10 10 10]
The_Next_Day	[David_Bowie David_Bowie_discography Reality_(David_Bowie_album) Valentine's_Day_(David_Bowie_song) Toy_(David_Bowie_album) Outside_(David_Bowie_album) Let's_Dance_(David_Bowie_album) List_of_awards_and_nominations_received_by_David_Bowie David_Bowie_(1967_album) Low_(David_Bowie_album)]	[3011 1324 125 56 37 19 18 16 11 10]	[David_Bowie Valentine's_Day_(David_Bowie_song) Reality_(David_Bowie_album) David_Bowie_discography David_Bowie_(1967_album)]	[337 195 131 20 13]
Just_a_Gigolo_(1978_film)	[David_Bowie David_Bowie_discography]	[186 11]	[David_Bowie]	[25]
Sound+Vision_Tour	[List_of_David_Bowie_concert_tours David_Bowie]	[102 52]	[David_Bowie]	[10]
Omikron:_The_Nomad_Soul	[David_Bowie Thursday's_Child_(David_Bowie_song)]	[143 24]	[David_Bowie Thursday's_Child_(David_Bowie_song)]	[72 11]
DJ_(David_Bowie_song)	[other-google Lodger_(album) Boys_Keep_Swinging David_Bowie_discography other-other other-empty other-wikipedia DJ_(disambiguation)]	[107 94 58 36 19 17 12 11]	[Yassassin Lodger_(album) Boys_Keep_Swinging]	[56 33 12]
Gail_Ann_Dorsey	[Toy_(David_Bowie_album)]	[15]	[David_Bowie]	[31]
Baal_(EP)	[David_Bowie_discography David_Bowie The_Best_of_David_Bowie_1980/1987]	[107 19 11]	[David_Bowie]	[13]
Tony_Thompson_(drummer)	[Let's_Dance_(David_Bowie_album) Let's_Dance_(David_Bowie_song)]	[40 11]	[Let's_Dance_(David_Bowie_album)]	[11]
ChÃ¢teau_d'HÃ©rouville	[Low_(David_Bowie_album)]	[37]	[Low_(David_Bowie_album)]	[13]
The_Breakfast_Club	[Changes_(David_Bowie_song)]	[12]	[Changes_(David_Bowie_song) David_Bowie]	[86 24]
Love_You_till_Tuesday_(song)	[David_Bowie_(1967_album) David_Bowie_discography]	[72 65]	[David_Bowie_(1967_album) David_Bowie_discography]	[29 15]
Pierrot	[Ashes_to_Ashes_(David_Bowie_song)]	[94]	[Ashes_to_Ashes_(David_Bowie_song)]	[11]
List_of_best-selling_music_artists	[David_Bowie]	[31]	[David_Bowie]	[12]
The_Who	[David_Bowie]	[22]	[David_Bowie]	[25]
A_Reality_Tour_(album)	[VH1_Storytellers_(David_Bowie_album) David_Bowie_discography Toy_(David_Bowie_album) David_Bowie]	[697 232 21 14]	[VH1_Storytellers_(David_Bowie_album) David_Bowie Fame_(David_Bowie_song)]	[178 21 11]
Seven_(David_Bowie_song)	[other-google Nothing_Has_Changed_(album) 'Hours...' David_Bowie_discography other-empty]	[91 71 62 44 10]	['Hours...' Slow_Burn_(David_Bowie_song)]	[48 19]
Art_rock	[David_Bowie Low_(David_Bowie_album)]	[92 15]	[David_Bowie]	[55]
Live_Santa_Monica_'72	[Reality_(David_Bowie_album) David_Bowie_discography]	[773 139]	[Reality_(David_Bowie_album) David_Bowie]	[153 11]
Symphony_No._1_(Glass)	[Low_(David_Bowie_album) David_Bowie]	[40 31]	[Low_(David_Bowie_album)]	[44]
What_Makes_You_Beautiful	["Heroes"_(David_Bowie_song)]	[46]	["Heroes"_(David_Bowie_song)]	[162]
August_(2008_film)	[David_Bowie]	[221]	[David_Bowie]	[24]
Tin_Machine	[Let's_Dance_(David_Bowie_album) David_Bowie David_Bowie_discography Tonight_(David_Bowie_album)]	[246 156 61 21]	[David_Bowie]	[102]
Ziggy_Stardust_(song)	[David_Bowie_discography David_Bowie]	[73 19]	[David_Bowie]	[97]
Talking_Heads	[Low_(David_Bowie_album)]	[10]	[David_Bowie]	[25]
I_Can't_Read	[David_Bowie_discography Thursday's_Child_(David_Bowie_song)]	[38 11]	[Thursday's_Child_(David_Bowie_song)]	[22]
Rubber_Band_(song)	[David_Bowie_(1967_album) David_Bowie_discography]	[115 68]	[David_Bowie_(1967_album)]	[20]
Roxy_Music	[Low_(David_Bowie_album)]	[11]	[David_Bowie]	[73]
Alabama_Song	[David_Bowie_discography The_Platinum_Collection_(David_Bowie_album) Rare_(David_Bowie_album) Stage_(David_Bowie_album)]	[86 15 14 10]	[David_Bowie]	[11]
Rare_(David_Bowie_album)	[other-google David_Bowie_discography Changestwobowie other-empty Ragazzo_solo,_ragazza_sola other-wikipedia Velvet_Goldmine_(song)]	[167 150 42 21 19 12 10]	[Golden_Years_(album) Alabama_Song Ragazzo_solo,_ragazza_sola Crystal_Japan]	[38 14 11 10]
Hunky_Dory	[David_Bowie David_Bowie_discography Changes_(David_Bowie_song) David_Bowie_(1969_album) Quicksand_(David_Bowie_song) Low_(David_Bowie_album) Bombers_(David_Bowie_song) David_Bowie_(1967_album)]	[2088 1555 336 30 30 18 17 10]	[Changes_(David_Bowie_song) David_Bowie Quicksand_(David_Bowie_song) Bombers_(David_Bowie_song) David_Bowie_(1969_album) David_Bowie_(1967_album) Let's_Dance_(David_Bowie_album) Low_(David_Bowie_album) David_Bowie_discography]	[347 314 200 54 35 22 22 20 10]
Reeves_Gabrels	[Outside_(David_Bowie_album) David_Bowie]	[34 33]	[David_Bowie Outside_(David_Bowie_album)]	[26 15]
Eric_Clapton	[David_Bowie]	[15]	[David_Bowie]	[388]
The_Buddha_of_Suburbia_(soundtrack)	[David_Bowie Outside_(David_Bowie_album) David_Bowie_discography Labyrinth_(David_Bowie_album) Strangers_When_We_Meet_(David_Bowie_song) Let's_Dance_(David_Bowie_album)]	[653 254 128 32 29 10]	[Outside_(David_Bowie_album) Strangers_When_We_Meet_(David_Bowie_song) David_Bowie]	[946 55 21]
Warszawa_(song)	[Low_(David_Bowie_album) Stage_(David_Bowie_album)]	[280 10]	[Low_(David_Bowie_album) David_Bowie]	[50 12]
V-2_Schneider	[Blackout_(David_Bowie_song) "Heroes"_(David_Bowie_song)]	[38 30]	[Blackout_(David_Bowie_song) All_Saints_(David_Bowie_album) David_Bowie]	[16 14 12]
Diamond_Dogs	[David_Bowie David_Bowie_discography Big_Brother_(David_Bowie_song) Sweet_Thing_(David_Bowie_song) Outside_(David_Bowie_album) Low_(David_Bowie_album) David_Bowie_(1969_album)]	[1640 1213 49 14 14 12 11]	[David_Bowie Sweet_Thing_(David_Bowie_song) Big_Brother_(David_Bowie_song) David_Bowie_(1967_album) Low_(David_Bowie_album)]	[326 175 107 12 11]
Elton_John	[David_Bowie David_Bowie_discography]	[62 23]	[David_Bowie]	[50]
Plastic_soul	[David_Bowie]	[345]	[David_Bowie]	[14]
Paul_McCartney	[David_Bowie]	[39]	[David_Bowie]	[47]
New_Killer_Star	[Reality_(David_Bowie_album) David_Bowie_discography]	[81 38]	[Reality_(David_Bowie_album) David_Bowie]	[52 13]
Heroes_(We_Could_Be)	["Heroes"_(David_Bowie_song)]	[59]	["Heroes"_(David_Bowie_song) David_Bowie]	[624 152]
Magic_Dance	[Labyrinth_(David_Bowie_album) Underground_(David_Bowie_song) David_Bowie_discography]	[157 59 42]	[Underground_(David_Bowie_song) Labyrinth_(David_Bowie_album) David_Bowie]	[39 28 17]
Outside_Tour	[List_of_David_Bowie_concert_tours Outside_(David_Bowie_album) David_Bowie]	[85 29 16]	[Outside_(David_Bowie_album)]	[31]
Absolute_Beginners_(David_Bowie_song)	[other-google David_Bowie_discography other-empty Absolute_Beginners_(film) other-wikipedia Nothing_Has_Changed_(album) Dancing_in_the_Street Absolute_Beginners Tonight_(David_Bowie_album) Underground_(David_Bowie_song) other-other Best_of_Bowie other-bing Main_Page other-yahoo]	[986 112 98 61 59 47 43 37 28 22 21 18 15 15 15]	[Absolute_Beginners_(film) Underground_(David_Bowie_song) David_Bowie Dancing_in_the_Street Absolute_Beginners_(novel) Janet_Armstrong Absolute_Beginners_(The_Jam_song) Tonight_(David_Bowie_album) Nothing_Has_Changed_(album) Julien_Temple The_Singles_Collection_(David_Bowie_album) Neil_Conti Strand_(cigarette) We_Were_So_Turned_On:_A_Tribute_to_David_Bowie]	[191 51 48 39 38 17 17 15 14 13 11 10 10 10]
Symphony_No._4_(Glass)	[David_Bowie]	[25]	["Heroes"_(David_Bowie_song)]	[25]
Dancing_in_the_Street	[David_Bowie_discography David_Bowie Absolute_Beginners_(David_Bowie_song)]	[119 40 39]	[David_Bowie Absolute_Beginners_(David_Bowie_song)]	[95 43]
Hot_(I_Need_to_Be_Loved,_Loved,_Loved)	[Fame_(David_Bowie_song)]	[29]	[Fame_(David_Bowie_song)]	[11]
Rock_'n'_Roll_Suicide	[David_Bowie_discography]	[53]	[David_Bowie Quicksand_(David_Bowie_song) Changes_(David_Bowie_song)]	[29 12 10]
Max_Zorin	[David_Bowie]	[48]	[David_Bowie]	[30]
Pink_Floyd	[David_Bowie]	[36]	[David_Bowie]	[48]
The_Man_Who_Sold_the_World_(album)	[David_Bowie David_Bowie_(1969_album) David_Bowie_discography After_All_(David_Bowie_song) David_Bowie_(1967_album) Low_(David_Bowie_album)]	[2261 1732 1463 38 22 11]	[David_Bowie_(1969_album) David_Bowie After_All_(David_Bowie_song) David_Bowie_(1967_album) Low_(David_Bowie_album)]	[897 188 77 24 10]
Love_You_till_Tuesday_(film)	[David_Bowie David_Bowie_discography David_Bowie_(1967_album)]	[98 18 10]	[David_Bowie]	[13]
The_Wallflowers	["Heroes"_(David_Bowie_song)]	[119]	["Heroes"_(David_Bowie_song)]	[50]
Angela_Bowie	[David_Bowie]	[5961]	[David_Bowie]	[297]
Low_(David_Bowie_album)	[other-google Station_to_Station David_Bowie David_Bowie_discography "Heroes" other-empty other-twitter other-wikipedia Low Casual_(subculture) Sound_and_Vision Trent_Reznor other-bing other-other The_Downward_Spiral The_Thin_White_Duke Lodger_(album) The_Idiot_(album) The_Man_Who_Fell_to_Earth_(film) 1977_in_music 808s_&_Heartbreak Warszawa_(song) Symphony_No._1_(Glass) Scary_Monsters_(And_Super_Creeps) Major_Tom other-yahoo Always_Crashing_in_the_Same_Car Be_My_Wife Tony_Visconti Subterraneans Main_Page All_Saints_(David_Bowie_album) Iggy_Pop Pornography_(album) Young_Americans_(album) The_Rise_and_Fall_of_Ziggy_Stardust_and_the_Spiders_from_Mars Hunky_Dory Hansa_Tonstudio A_New_Career_in_a_New_Town Breaking_Glass_(song) Brian_Eno Gated_reverb Aladdin_Sane Heathen_Tour Ashes_to_Ashes_(David_Bowie_song) Speed_of_Life_(David_Bowie_song) Carlos_Alomar What_in_the_World ChÃ¢teau_d'HÃ©rouville 33â…“ Philip_Glass Diamond_Dogs Twin_Peaks The_Man_Who_Sold_the_World_(album)]	[2541 2055 1944 1015 815 474 397 386 289 171 157 104 79 76 73 70 68 67 65 56 50 50 44 42 39 35 32 30 30 28 28 27 25 24 22 22 20 20 19 19 19 17 17 16 15 14 14 13 13 12 12 11 10 10]	["Heroes" Station_to_Station David_Bowie Warszawa_(song) Sound_and_Vision Speed_of_Life_(David_Bowie_song) Lodger_(album) Subterraneans Brian_Eno Breaking_Glass_(song) Be_My_Wife Always_Crashing_in_the_Same_Car Bowi A_New_Career_in_a_New_Town Art_Decade What_in_the_World Weeping_Wall_(instrumental) Eventide,_Inc Tony_Visconti The_Man_Who_Fell_to_Earth_(film) Some_Are Heroin Nick_Lowe The_Rise_and_Fall_of_Ziggy_Stardust_and_the_Spiders_from_Mars George_Murray_(musician) Symphony_No._1_(Glass) Ricky_Gardiner ChÃ¢teau_d'HÃ©rouville Mary_Hopkin Carlos_Alomar Hansa_Tonstudio Dennis_Davis Iggy_Pop Scary_Monsters_(And_Super_Creeps) Joy_Division Chamberlin Aladdin_Sane Neu! EMS_Synthi_AKS Hunky_Dory Roy_Young_(musician) Avant-garde Art_rock Rolling_Stone's_500_Greatest_Albums_of_All_Time ARP_Instruments Diamond_Dogs Let's_Dance_(David_Bowie_album) Kraftwerk Young_Americans_(album) Roxy_Music The_Man_Who_Sold_the_World_(album) Ambient_music Paul_Buckmaster Talking_Heads The_Next_Day Gamelan Philip_Glass]	[2625 758 548 280 239 208 186 155 150 140 131 129 127 121 116 112 107 102 88 74 56 51 51 44 41 40 38 37 37 31 30 29 25 25 24 24 21 21 20 18 16 15 15 14 12 12 12 12 12 11 11 10 10 10 10 10 10]
Fascination_(David_Bowie_song)	[Young_Americans_(album) other-google Grand_Theft_Auto_IV_soundtrack Luther_Vandross other-other other-empty]	[164 78 24 20 17 15]	[Young_Americans_(album) Luther_Vandross]	[49 19]
The_Cure	[David_Bowie]	[12]	[David_Bowie]	[18]
Scratch_My_Back	["Heroes"_(David_Bowie_song)]	[100]	["Heroes"_(David_Bowie_song)]	[43]
Boys_Keep_Swinging	[David_Bowie_discography Fantastic_Voyage_(David_Bowie_song) DJ_(David_Bowie_song)]	[40 13 12]	[DJ_(David_Bowie_song) David_Bowie We_Were_So_Turned_On:_A_Tribute_to_David_Bowie]	[58 17 15]
Brian_Eno	[David_Bowie "Heroes"_(David_Bowie_song) Low_(David_Bowie_album) Outside_(David_Bowie_album)]	[327 198 150 38]	[David_Bowie Low_(David_Bowie_album) Outside_(David_Bowie_album)]	[450 19 10]
Arcade_Fire	[David_Bowie]	[24]	[David_Bowie]	[42]
NME's_The_500_Greatest_Albums_of_All_Time	[Let's_Dance_(David_Bowie_album)]	[33]	[David_Bowie]	[67]
100_Greatest_Britons	[David_Bowie]	[460]	[David_Bowie]	[245]
TVC_15	[David_Bowie_discography Stay_(David_Bowie_song)]	[39 32]	[Stay_(David_Bowie_song) David_Bowie]	[106 21]
Speed_of_Life_(David_Bowie_song)	[Low_(David_Bowie_album) other-google other-empty Breaking_Glass_(song)]	[208 75 14 11]	[Breaking_Glass_(song) Low_(David_Bowie_album)]	[49 14]
Bandslam	[David_Bowie]	[250]	[David_Bowie]	[48]
Tilda_Swinton	[David_Bowie]	[37]	[David_Bowie]	[34]
Andy_Warhol_(song)	[Changes_(David_Bowie_song) David_Bowie]	[49 12]	[David_Bowie]	[24]
Diamond_Dogs_(song)	[David_Bowie_discography David_Bowie]	[51 19]	[David_Bowie Sweet_Thing_(David_Bowie_song)]	[15 13]
Ziggy_Stardust:_The_Motion_Picture	[Let's_Dance_(David_Bowie_album) David_Bowie_discography Tonight_(David_Bowie_album)]	[1293 242 240]	[Tonight_(David_Bowie_album) Let's_Dance_(David_Bowie_album) David_Bowie]	[1210 207 60]
Alice_Cooper	[David_Bowie]	[10]	[David_Bowie]	[21]
Underground_(David_Bowie_song)	[other-google Labyrinth_(David_Bowie_album) Absolute_Beginners_(David_Bowie_song) David_Bowie_discography Magic_Dance Labyrinth_(film) Jareth other-empty other-wikipedia]	[103 78 51 50 39 35 23 15 11]	[Magic_Dance Absolute_Beginners_(David_Bowie_song) Labyrinth_(David_Bowie_album) As_the_World_Falls_Down Labyrinth_(film) David_Bowie]	[59 22 21 13 13 12]
Queen_(band)	[David_Bowie David_Bowie_discography]	[91 11]	[David_Bowie]	[398]
Beck	[David_Bowie]	[18]	[David_Bowie]	[93]
Billy_Idol	[David_Bowie]	[21]	[David_Bowie]	[26]
Iggy_Pop	[David_Bowie Let's_Dance_(David_Bowie_album) Low_(David_Bowie_album) Tonight_(David_Bowie_album)]	[438 55 25 24]	[David_Bowie Low_(David_Bowie_album)]	[283 25]
Bromley	[David_Bowie]	[62]	[David_Bowie]	[16]
David_Bowie_Narrates_Prokofiev's_Peter_and_the_Wolf	[other-google other-empty Peter_and_the_Wolf_(disambiguation) other-wikipedia David_Bowie_discography]	[169 23 23 13 12]	[Peter_and_the_Wolf]	[15]
Glass_Spider_Live	[VH1_Storytellers_(David_Bowie_album) David_Bowie_discography]	[164 163]	[VH1_Storytellers_(David_Bowie_album)]	[704]
Tina_Turner	[Tonight_(David_Bowie_album)]	[10]	[David_Bowie]	[17]
I_Pity_the_Fool	[David_Bowie_discography Liza_Jane_(David_Bowie_song) David_Bowie]	[86 49 15]	[Liza_Jane_(David_Bowie_song) David_Bowie]	[24 17]
You_Are_Not_Alone	["Heroes"_(David_Bowie_song)]	[19]	["Heroes"_(David_Bowie_song)]	[15]
The_Best_of_David_Bowie_1974/1979	[David_Bowie_discography The_Best_of_David_Bowie_1969/1974 other-google other-wikipedia The_Platinum_Collection_(David_Bowie_album) other-empty David_Bowie The_Secret_Life_of_Arabia]	[154 92 70 31 15 13 13 11]	[The_Best_of_David_Bowie_1969/1974 Bowie_at_the_Beeb The_Best_of_David_Bowie_1980/1987 The_Platinum_Collection_(David_Bowie_album)]	[42 37 22 19]
Nine_Inch_Nails	[David_Bowie]	[16]	[David_Bowie]	[67]
